id,match_code,team_a,team_b,match_date,group_name,actual_score_a,actual_score_b,status,created_at,stadium,stage,matchday_id
036797e2-2cda-476b-bfa3-2f2bbf6e47ad,M33,GER,CIV,2026-06-20 20:00:00+00,E,,,upcoming,2026-05-20 18:39:44.353149+00,"BMO Field, Toronto",group,
0ad295c5-98b6-49b5-9303-3f0dad0e5041,M94,TBD,TBD,2026-07-06 19:00:00+00,,,,upcoming,2026-05-20 18:47:31.526932+00,"Hard Rock Stadium, Miami",round_of_16,
0f137dd2-c5b2-4ae2-aaeb-a10d9a4d88eb,M81,TBD,TBD,2026-06-30 16:00:00+00,,,,upcoming,2026-05-20 18:47:31.526932+00,"MetLife Stadium, New York/New Jersey",round_of_32,
16a71871-5df8-4536-b68f-316bb4e737bb,M65,CPV,KSA,2026-06-27 00:00:00+00,H,,,upcoming,2026-05-20 18:39:44.353149+00,"NRG Stadium, Houston",group,
18d8de66-98c4-4168-808c-651b00614bb8,M56,ECU,GER,2026-06-25 20:00:00+00,E,,,upcoming,2026-05-20 18:39:44.353149+00,"MetLife Stadium, East Rutherford, New Jersey",group,
19022680-c7b9-47fa-8050-3ddaea7b52ae,M13,KSA,URU,2026-06-15 22:00:00+00,H,,,upcoming,2026-05-20 18:39:44.353149+00,"Hard Rock Stadium, Miami Gardens, Florida",group,
19ad86e4-7671-416e-8a71-41266ea2a618,M44,JOR,ALG,2026-06-23 03:00:00+00,J,,,upcoming,2026-05-20 18:39:44.353149+00,"Levi's Stadium, Santa Clara, California",group,
1a204534-ec89-46dd-b0f8-41ce645f3a45,M51,SUI,CAN,2026-06-24 19:00:00+00,B,,,upcoming,2026-05-20 18:39:44.353149+00,"BC Place, Vancouver",group,
1c5fc528-0e5b-49f8-ad1f-e9bc6fd88a43,M01,MEX,RSA,2026-06-11 19:00:00+00,A,,,upcoming,2026-05-20 18:39:44.353149+00,"Estadio Azteca, Mexico City",group,
1d27eb49-c406-4e08-a4e3-55ca10c6d511,M47,POR,UZB,2026-06-23 17:00:00+00,K,,,upcoming,2026-05-20 18:39:44.353149+00,"NRG Stadium, Houston",group,
21b9b007-c6f3-4510-82ac-9760d405a533,M58,TUN,NED,2026-06-25 23:00:00+00,F,,,upcoming,2026-05-20 18:39:44.353149+00,"Arrowhead Stadium, Kansas City, Missouri",group,
2311dcf7-6e65-4dac-b264-c231c4ad8401,M79,TBD,TBD,2026-06-30 17:00:00+00,,,,upcoming,2026-05-20 18:47:31.526932+00,"NRG Stadium, Houston",round_of_32,
25ff4605-d32f-4540-9f9b-684e38e98aa2,M10,GER,CUW,2026-06-14 17:00:00+00,E,,,upcoming,2026-05-20 18:39:44.353149+00,"NRG Stadium, Houston",group,
26e46187-2b5f-4887-a5a2-da56ca3bd526,M26,SUI,BIH,2026-06-18 19:00:00+00,B,,,upcoming,2026-05-20 18:39:44.353149+00,"SoFi Stadium, Inglewood, California",group,
2759dda7-8455-446e-be90-d629400c6752,M67,PAN,ENG,2026-06-27 21:00:00+00,L,,,upcoming,2026-05-20 18:39:44.353149+00,"MetLife Stadium, East Rutherford, New Jersey",group,
2a5320f0-1781-4893-af2f-a380d5adb9dd,M68,CRO,GHA,2026-06-27 21:00:00+00,L,,,upcoming,2026-05-20 18:39:44.353149+00,"Lincoln Financial Field, Philadelphia",group,
2b2e2834-4423-4ec2-ac39-d5fe9dbc4275,M95,TBD,TBD,2026-07-07 17:00:00+00,,,,upcoming,2026-05-20 18:47:31.526932+00,"AT&T Stadium, Dallas",round_of_16,
2cc9a54d-0e7d-4b60-bf69-85807f7c8b0d,M72,COD,UZB,2026-06-27 23:30:00+00,K,,,upcoming,2026-05-20 18:39:44.353149+00,"Mercedes-Benz Stadium, Atlanta",group,
300ef33e-fe64-48a9-9c4e-681f02e6b555,M90,TBD,TBD,2026-07-04 21:00:00+00,,,,upcoming,2026-05-20 18:47:31.526932+00,"AT&T Stadium, Dallas",round_of_16,
39bb01f9-76aa-48a9-9181-8ea05f6f6008,M02,KOR,CZE,2026-06-12 02:00:00+00,A,,,upcoming,2026-05-20 18:39:44.353149+00,"Estadio Akron, Zapopan",group,
39cd7d8c-324f-4c3c-81ff-83d022227618,M69,ALG,AUT,2026-06-28 02:00:00+00,J,,,upcoming,2026-05-20 18:39:44.353149+00,"Arrowhead Stadium, Kansas City, Missouri",group,
3bc92d29-1529-4530-9912-f4f7fd0d61d7,M03,CAN,BIH,2026-06-12 19:00:00+00,B,,,upcoming,2026-05-20 18:39:44.353149+00,"BMO Field, Toronto",group,
3bca46ae-a54b-48be-a61e-6d4b5ea6019b,M37,URU,CPV,2026-06-21 22:00:00+00,H,,,upcoming,2026-05-20 18:39:44.353149+00,"Hard Rock Stadium, Miami Gardens, Florida",group,
3cae1d2f-50e6-421f-841d-c13adc7b3e75,M98,TBD,TBD,2026-07-09 19:00:00+00,,,,upcoming,2026-05-20 18:47:31.526932+00,"MetLife Stadium, New York/New Jersey",quarterfinal,
3da471c9-7eec-4e1c-90fc-76fbfe3137ce,M96,TBD,TBD,2026-07-07 20:00:00+00,,,,upcoming,2026-05-20 18:47:31.526932+00,"AT&T Stadium, Dallas",round_of_16,
41de9540-4b73-4791-ada5-8aea3f14ae0d,M91,TBD,TBD,2026-07-05 19:00:00+00,,,,upcoming,2026-05-20 18:47:31.526932+00,"Lumen Field, Seattle",round_of_16,
441125b5-5e21-4f7e-b3be-4bc057fa4d42,M92,TBD,TBD,2026-07-05 22:00:00+00,,,,upcoming,2026-05-20 18:47:31.526932+00,"Lumen Field, Seattle",round_of_16,
4c26cd02-3adb-4cc3-8ed8-b60c04656a41,M99,TBD,TBD,2026-07-10 16:00:00+00,,,,upcoming,2026-05-20 18:47:31.526932+00,"Lincoln Financial Field, Philadelphia",quarterfinal,
4d9505d8-528f-4638-a7af-feff3a5667cd,M20,AUT,JOR,2026-06-17 04:00:00+00,J,,,upcoming,2026-05-20 18:39:44.353149+00,"Levi's Stadium, Santa Clara, California",group,
4ddca10e-57f9-4184-adb3-ac008ce7a492,M75,TBD,TBD,2026-06-29 17:00:00+00,,,,upcoming,2026-05-20 18:47:31.526932+00,"Arrowhead Stadium, Kansas City",round_of_32,
4f7a6b14-6714-4e04-87e7-c1fee285d59b,M77,TBD,TBD,2026-06-29 19:00:00+00,,,,upcoming,2026-05-20 18:47:31.526932+00,"Levi's Stadium, San Francisco Bay Area",round_of_32,
4f9cc49c-4ded-4d8f-870e-fc7a21c2e213,M87,TBD,TBD,2026-07-03 16:00:00+00,,,,upcoming,2026-05-20 18:47:31.526932+00,"Mercedes-Benz Stadium, Atlanta",round_of_32,
5184034e-2c23-45d5-88e2-223631359106,M34,ECU,CUW,2026-06-21 00:00:00+00,E,,,upcoming,2026-05-20 18:39:44.353149+00,"Arrowhead Stadium, Kansas City, Missouri",group,
5ba0805a-e43c-444f-86bf-f64847aac44c,M100,TBD,TBD,2026-07-11 16:00:00+00,,,,upcoming,2026-05-20 18:47:31.526932+00,"Hard Rock Stadium, Miami",quarterfinal,
5ea75811-99ad-4601-ada5-51a60cd52645,M74,TBD,TBD,2026-06-28 19:00:00+00,,,,upcoming,2026-05-20 18:47:31.526932+00,"SoFi Stadium, Los Angeles",round_of_32,
63dcf92b-0267-4aa5-a4a5-e096bf202125,M66,URU,ESP,2026-06-27 00:00:00+00,H,,,upcoming,2026-05-20 18:39:44.353149+00,"Estadio Akron, Zapopan",group,
6c52993b-898f-424b-8ebc-d15261ec8c97,M36,TUN,JPN,2026-06-21 04:00:00+00,F,,,upcoming,2026-05-20 18:39:44.353149+00,"Estadio BBVA, Guadalupe, Nuevo León",group,
6c88aaec-3560-45ea-9056-923dc10c5f9f,M22,ENG,CRO,2026-06-17 20:00:00+00,L,,,upcoming,2026-05-20 18:39:44.353149+00,"AT&T Stadium, Arlington, Texas",group,
7222bc24-94bd-41b0-9bb2-2094dec4f8b0,M70,JOR,ARG,2026-06-28 02:00:00+00,J,,,upcoming,2026-05-20 18:39:44.353149+00,"AT&T Stadium, Arlington, Texas",group,
7535e1d7-2306-4464-84b8-b83884b5b72b,M23,POR,COD,2026-06-17 17:00:00+00,K,,,upcoming,2026-05-20 18:39:44.353149+00,"NRG Stadium, Houston",group,
78de581b-5c5e-482c-a60e-fa4f290d06ad,M103,TBD,TBD,2026-07-18 16:00:00+00,,,,upcoming,2026-05-20 18:47:31.526932+00,"Lincoln Financial Field, Philadelphia",third_place,
8aaf5a3c-0c1a-4504-8ed8-7bc5fd66be26,M48,COL,COD,2026-06-24 02:00:00+00,K,,,upcoming,2026-05-20 18:39:44.353149+00,"Estadio Akron, Zapopan",group,
8aafab51-321c-4399-9779-aaeed02acd0d,M43,ARG,AUT,2026-06-22 17:00:00+00,J,,,upcoming,2026-05-20 18:39:44.353149+00,"AT&T Stadium, Arlington, Texas",group,
8cce9c1f-33e2-41cd-b304-8f2e16500b9a,M38,ESP,KSA,2026-06-21 16:00:00+00,H,,,upcoming,2026-05-20 18:39:44.353149+00,"Mercedes-Benz Stadium, Atlanta",group,
8f01684c-de56-4cb7-ba4d-e7afabd466a6,M45,ENG,GHA,2026-06-23 20:00:00+00,L,,,upcoming,2026-05-20 18:39:44.353149+00,"Gillette Stadium, Foxborough, Massachusetts",group,
942a6042-9d4a-4175-aa18-897bfbf3496b,M21,GHA,PAN,2026-06-17 23:00:00+00,L,,,upcoming,2026-05-20 18:39:44.353149+00,"BMO Field, Toronto",group,
9527513a-7bb9-4488-9792-662d999ffff2,M85,TBD,TBD,2026-07-02 19:00:00+00,,,,upcoming,2026-05-20 18:47:31.526932+00,"BC Place, Vancouver",round_of_32,
9817558d-72c2-4331-8da3-42d7ddc51c46,M25,CZE,RSA,2026-06-18 16:00:00+00,A,,,upcoming,2026-05-20 18:39:44.353149+00,"Mercedes-Benz Stadium, Atlanta",group,
998935b5-9fea-42e8-9cd1-7d65bd4e519c,M46,PAN,CRO,2026-06-23 23:00:00+00,L,,,upcoming,2026-05-20 18:39:44.353149+00,"BMO Field, Toronto",group,
a052fa9f-f952-4a41-9fa6-1a6fa9d5a469,M88,TBD,TBD,2026-07-03 19:00:00+00,,,,upcoming,2026-05-20 18:47:31.526932+00,"Mercedes-Benz Stadium, Atlanta",round_of_32,
a4327502-0f80-4a21-87cd-79c2bc86118c,M57,JPN,SWE,2026-06-25 23:00:00+00,F,,,upcoming,2026-05-20 18:39:44.353149+00,"AT&T Stadium, Arlington, Texas",group,
a5c877f1-afc6-4c2b-997b-bd6169fcf3f8,M35,NED,SWE,2026-06-20 17:00:00+00,F,,,upcoming,2026-05-20 18:39:44.353149+00,"NRG Stadium, Houston",group,
a664b99d-cb42-40da-8afd-b67f52031d32,M83,TBD,TBD,2026-07-01 16:00:00+00,,,,upcoming,2026-05-20 18:47:31.526932+00,"Gillette Stadium, Boston",round_of_32,
abe4ba72-f6f2-4116-9586-fbd98c0725bc,M80,TBD,TBD,2026-06-30 20:00:00+00,,,,upcoming,2026-05-20 18:47:31.526932+00,"NRG Stadium, Houston",round_of_32,
ae84e4c5-6ff7-4364-96e8-c203cf32981a,M102,TBD,TBD,2026-07-14 16:00:00+00,,,,upcoming,2026-05-20 18:47:31.526932+00,"Mercedes-Benz Stadium, Atlanta",semifinal,
b1804fcd-b605-4fe5-95c3-f02002bbedf0,M71,COL,POR,2026-06-27 23:30:00+00,K,,,upcoming,2026-05-20 18:39:44.353149+00,"Hard Rock Stadium, Miami Gardens, Florida",group,
b7de2f53-bf45-4d25-a619-5fc5e2b2a99e,M84,TBD,TBD,2026-07-01 19:00:00+00,,,,upcoming,2026-05-20 18:47:31.526932+00,"Gillette Stadium, Boston",round_of_32,
c0793883-2086-46ff-99ed-79f810c31cc6,M89,TBD,TBD,2026-07-04 18:00:00+00,,,,upcoming,2026-05-20 18:47:31.526932+00,"AT&T Stadium, Dallas",round_of_16,
c224671b-a313-4798-b35c-51386a8dcdbd,M52,BIH,QAT,2026-06-24 19:00:00+00,B,,,upcoming,2026-05-20 18:39:44.353149+00,"Lumen Field, Seattle",group,
c776b293-fa9f-4fe9-a455-c14e9566948a,M24,UZB,COL,2026-06-18 02:00:00+00,K,,,upcoming,2026-05-20 18:39:44.353149+00,"Estadio Azteca, Mexico City",group,
ca52388d-85bf-4c20-82a0-f0530c8dcf6b,M19,ARG,ALG,2026-06-17 01:00:00+00,J,,,upcoming,2026-05-20 18:39:44.353149+00,"Arrowhead Stadium, Kansas City, Missouri",group,
cb523ef5-cfe9-4432-93bc-8e911520d2c1,M27,CAN,QAT,2026-06-18 22:00:00+00,B,,,upcoming,2026-05-20 18:39:44.353149+00,"BC Place, Vancouver",group,
ce4d2972-8882-4cd3-acd2-56b99d0707a3,M101,TBD,TBD,2026-07-13 17:00:00+00,,,,upcoming,2026-05-20 18:47:31.526932+00,"AT&T Stadium, Dallas",semifinal,
d01caae7-7d94-441b-8fb0-e53eed9afda3,M09,CIV,ECU,2026-06-14 23:00:00+00,E,,,upcoming,2026-05-20 18:39:44.353149+00,"Lincoln Financial Field, Philadelphia",group,
d12512b2-b308-4b6c-9065-e03abe4f83be,M11,NED,JPN,2026-06-14 20:00:00+00,F,,,upcoming,2026-05-20 18:39:44.353149+00,"AT&T Stadium, Arlington, Texas",group,
d25bb4a4-c803-44b0-92bc-8c2fc3879a5e,M08,QAT,SUI,2026-06-13 19:00:00+00,B,,,upcoming,2026-05-20 18:39:44.353149+00,"Levi's Stadium, Santa Clara, California",group,
d677b1ba-da20-49bf-b0ef-d48e8630f1d8,M97,TBD,TBD,2026-07-09 16:00:00+00,,,,upcoming,2026-05-20 18:47:31.526932+00,"MetLife Stadium, New York/New Jersey",quarterfinal,
da219bc0-f494-4cc4-afd1-2e9b9eba15c3,M12,SWE,TUN,2026-06-15 02:00:00+00,F,,,upcoming,2026-05-20 18:39:44.353149+00,"Estadio BBVA, Guadalupe, Nuevo León",group,
dad1c2cf-2f5f-4db5-b832-23d6927a3012,M54,RSA,KOR,2026-06-25 01:00:00+00,A,,,upcoming,2026-05-20 18:39:44.353149+00,"Estadio BBVA, Guadalupe, Nuevo León",group,
db2e045d-ffe0-4bdc-9c7e-c85509716aa4,M53,CZE,MEX,2026-06-25 01:00:00+00,A,,,upcoming,2026-05-20 18:39:44.353149+00,"Estadio Azteca, Mexico City",group,
de221357-a328-46be-a839-a203de6774ef,M73,TBD,TBD,2026-06-28 16:00:00+00,,,,upcoming,2026-05-20 18:47:31.526932+00,"SoFi Stadium, Los Angeles",round_of_32,
e2ef7520-2341-4e0c-ab39-e3948bdd8204,M82,TBD,TBD,2026-06-30 19:00:00+00,,,,upcoming,2026-05-20 18:47:31.526932+00,"MetLife Stadium, New York/New Jersey",round_of_32,
e7983c12-55b5-44a0-8797-ab35a3e4d850,M55,CUW,CIV,2026-06-25 20:00:00+00,E,,,upcoming,2026-05-20 18:39:44.353149+00,"Lincoln Financial Field, Philadelphia",group,
e85e9cd7-bf02-4186-a457-1f491fb7e658,M78,TBD,TBD,2026-06-29 22:00:00+00,,,,upcoming,2026-05-20 18:47:31.526932+00,"Levi's Stadium, San Francisco Bay Area",round_of_32,
e8e58b9f-cca1-481e-aa2b-6a1ba355cd71,M93,TBD,TBD,2026-07-06 16:00:00+00,,,,upcoming,2026-05-20 18:47:31.526932+00,"Hard Rock Stadium, Miami",round_of_16,
e8ef121b-ce6d-4648-b653-385f76d05f38,M28,MEX,KOR,2026-06-19 01:00:00+00,A,,,upcoming,2026-05-20 18:39:44.353149+00,"Estadio Akron, Zapopan",group,
ea0e804c-ad10-47d8-b94a-adc48d626d16,M104,TBD,TBD,2026-07-19 16:00:00+00,,,,upcoming,2026-05-20 18:47:31.526932+00,"MetLife Stadium, New York/New Jersey",final,
eb603197-7d04-41ce-a516-26f6ab4c5f45,M86,TBD,TBD,2026-07-02 22:00:00+00,,,,upcoming,2026-05-20 18:47:31.526932+00,"BC Place, Vancouver",round_of_32,
ee19525b-b85d-455f-b6a7-8d71aba0f4a0,M14,ESP,CPV,2026-06-15 16:00:00+00,H,,,upcoming,2026-05-20 18:39:44.353149+00,"Mercedes-Benz Stadium, Atlanta",group,
f9d47496-83b1-4025-b562-64124a3a028b,M76,TBD,TBD,2026-06-29 20:00:00+00,,,,upcoming,2026-05-20 18:47:31.526932+00,"Arrowhead Stadium, Kansas City",round_of_32,