name,country,country_code,position,price,photo_url
Rayan Aït-Nouri,Algeria,ALG,DEF,4.9,
Ramy Bensebaini,Algeria,ALG,DEF,4.4,
Aïssa Mandi,Algeria,ALG,DEF,3.9,
Mehdi Dorval,Algeria,ALG,DEF,3.7,
Zinéddine Belaïd,Algeria,ALG,DEF,3.7,
Sohaib Nair,Algeria,ALG,DEF,3.5,
Rafik Belghali,Algeria,ALG,DEF,3.5,
Achref Abada,Algeria,ALG,DEF,3.5,
Mohammed Amoura,Algeria,ALG,FWD,6.2,
Amine Gouiri,Algeria,ALG,FWD,6.2,
Riyad Mahrez,Algeria,ALG,MID,6.5,
Ibrahim Maza,Algeria,ALG,FWD,5.4,
Anis Hadj Moussa,Algeria,ALG,FWD,5.3,
Farès Ghedjemis,Algeria,ALG,FWD,4.4,
Ahmed Benbouali,Algeria,ALG,FWD,4.2,
Amin Chiakha,Algeria,ALG,FWD,4,
Anthony Mandréa,Algeria,ALG,GK,3.9,
Luca Zidane,Algeria,ALG,GK,3.8,
Melvin Mastil,Algeria,ALG,GK,3.5,
Kilian Belazzoug,Algeria,ALG,GK,3.5,
Adil Boulbina,Algeria,ALG,MID,4,
Yacine Titraoui,Algeria,ALG,MID,4.7,
Ramiz Zerrouki,Algeria,ALG,MID,5.3,
Hicham Boudaoui,Algeria,ALG,MID,5.5,
Adil Aouchiche,Algeria,ALG,MID,5.6,
Houssem Aouar,Algeria,ALG,MID,6,
Farès Chaïbi,Algeria,ALG,MID,6.2,
Cristian Romero,Argentina,ARG,DEF,4.9,
Marcos Senesi,Argentina,ARG,DEF,4.7,
Nahuel Molina,Argentina,ARG,DEF,4.4,
Nicolás Otamendi,Argentina,ARG,DEF,4.4,
Marcos Acuña,Argentina,ARG,DEF,4.3,
Lucas Martínez Quarta,Argentina,ARG,DEF,4.3,
Nicolás Tagliafico,Argentina,ARG,DEF,4.3,
Gabriel Rojas,Argentina,ARG,DEF,4,
Agustín Giay,Argentina,ARG,DEF,3.7,
Lionel Messi,Argentina,ARG,FWD,10,
Julián Alvarez,Argentina,ARG,FWD,8.6,
Gianluca Prestianni,Argentina,ARG,MID,5.6,
Giuliano Simeone,Argentina,ARG,MID,5.6,
Nico González,Argentina,ARG,MID,5.6,
José Manuel López,Argentina,ARG,FWD,5.3,
Franco Mastantuono,Argentina,ARG,MID,5.8,
Emiliano Martínez,Argentina,ARG,GK,5,
Gerónimo Rulli,Argentina,ARG,GK,4.5,
Juan Musso,Argentina,ARG,GK,4.3,
Leandro Paredes,Argentina,ARG,MID,5.6,
Máximo Perrone,Argentina,ARG,MID,5.6,
Rodrigo De Paul,Argentina,ARG,MID,5.9,
Nico Paz,Argentina,ARG,MID,5.9,
Alejandro Garnacho,Argentina,ARG,MID,5.5,
Valentín Barco,Argentina,ARG,MID,6.2,
Exequiel Palacios,Argentina,ARG,MID,6,
Thiago Almada,Argentina,ARG,MID,6.5,
Alexis Mac Allister,Argentina,ARG,MID,6.6,
Enzo Fernández,Argentina,ARG,MID,7.5,
Jordan Bos,Australia,AUS,DEF,4,
Kye Rowles,Australia,AUS,DEF,3.9,
Alessandro Circati,Australia,AUS,DEF,3.9,
Cameron Burgess,Australia,AUS,DEF,3.8,
Milos Degenek,Australia,AUS,DEF,3.8,
Aziz Behich,Australia,AUS,DEF,3.8,
Jason Geria,Australia,AUS,DEF,3.7,
Kai Trewin,Australia,AUS,DEF,3.5,
Lucas Herrington,Australia,AUS,DEF,3.5,
Nestory Irankunda,Australia,AUS,FWD,5.1,
Martin Boyle,Australia,AUS,FWD,5.1,
Nishan Velupillay,Australia,AUS,FWD,4.4,
Jacob Italiano,Australia,AUS,DEF,4.2,
Mathew Ryan,Australia,AUS,GK,4.1,
Paul Izzo,Australia,AUS,GK,3.6,
Patrick Beach,Australia,AUS,GK,3.5,
Paul Okon,Australia,AUS,MID,4.7,
Connor Metcalfe,Australia,AUS,MID,5.3,
Aiden O'Neill,Australia,AUS,MID,5.4,
Awer Mabil,Australia,AUS,MID,5.6,
Ajdin Hrustic,Australia,AUS,MID,5.7,
David Alaba,Austria,AUT,DEF,4.6,
Philipp Lienhart,Austria,AUT,DEF,4.3,
Alexander Prass,Austria,AUT,DEF,4.3,
Kevin Danso,Austria,AUT,DEF,4.3,
Stefan Posch,Austria,AUT,DEF,4.3,
Phillipp Mwene,Austria,AUT,DEF,3.9,
Marco Friedl,Austria,AUT,DEF,4.3,
David Affengruber,Austria,AUT,DEF,3.9,
Michael Svoboda,Austria,AUT,DEF,3.8,
Marko Arnautovic,Austria,AUT,FWD,6,
Michael Gregoritsch,Austria,AUT,FWD,6,
Sasa Kalajdzic,Austria,AUT,FWD,6,
Alexander Schlager,Austria,AUT,GK,4.6,
Patrick Pentz,Austria,AUT,GK,4.6,
Florian Wiegele,Austria,AUT,GK,3.5,
Carney Chukwuemeka,Austria,AUT,MID,5,
Konrad Laimer,Austria,AUT,MID,5.8,
Alessandro Schöpf,Austria,AUT,MID,5.3,
Florian Grillitsch,Austria,AUT,MID,5.5,
Nicolas Seiwald,Austria,AUT,MID,5.6,
Marcel Sabitzer,Austria,AUT,MID,6.8,
Romano Schmid,Austria,AUT,MID,6,
Patrick Wimmer,Austria,AUT,MID,6,
Paul Wanner,Austria,AUT,MID,5.6,
Xaver Schlager,Austria,AUT,MID,5.5,
Christoph Baumgartner,Austria,AUT,MID,6.7,
Maxim De Cuyper,Belgium,BEL,DEF,4.7,
Timothy Castagne,Belgium,BEL,DEF,4.7,
Arthur Theate,Belgium,BEL,DEF,4.5,
Thomas Meunier,Belgium,BEL,DEF,4.8,
Zeno Debast,Belgium,BEL,DEF,4.3,
Axel Witsel,Belgium,BEL,MID,5,
Koni De Winter,Belgium,BEL,DEF,4.2,
Brandon Mechele,Belgium,BEL,DEF,3.9,
Joaquin Seys,Belgium,BEL,DEF,3.9,
Nathan Ngoy,Belgium,BEL,DEF,3.7,
Romelu Lukaku,Belgium,BEL,FWD,7.4,
Jérémy Doku,Belgium,BEL,MID,7.5,
Dodi Lukébakio,Belgium,BEL,FWD,5.9,
Alexis Saelemaekers,Belgium,BEL,MID,5.7,
Charles De Ketelaere,Belgium,BEL,MID,5.6,
Senne Lammens,Belgium,BEL,GK,4.6,
Nicolas Raskin,Belgium,BEL,MID,5.3,
Amadou Onana,Belgium,BEL,MID,5.9,
Youri Tielemans,Belgium,BEL,MID,6.1,
Kevin De Bruyne,Belgium,BEL,MID,7.5,
Sead Kolasinac,Bosnia and Herzegovina,BIH,DEF,4.3,
Amar Dedic,Bosnia and Herzegovina,BIH,DEF,4.3,
Tarik Muharemovic,Bosnia and Herzegovina,BIH,DEF,3.9,
Nikola Katic,Bosnia and Herzegovina,BIH,DEF,3.8,
Stjepan Radeljic,Bosnia and Herzegovina,BIH,DEF,3.7,
Nihad Mujakic,Bosnia and Herzegovina,BIH,DEF,3.6,
Nidal Celik,Bosnia and Herzegovina,BIH,DEF,3.5,
Ermedin Demirovic,Bosnia and Herzegovina,BIH,FWD,6.2,
Edin Dzeko,Bosnia and Herzegovina,BIH,FWD,6.1,
Jovo Lukic,Bosnia and Herzegovina,BIH,FWD,5.6,
Haris Tabakovic,Bosnia and Herzegovina,BIH,FWD,5.1,
Esmir Bajraktarevic,Bosnia and Herzegovina,BIH,FWD,4.7,
Samed Bazdar,Bosnia and Herzegovina,BIH,FWD,4.5,
Kerim Alajbegovic,Bosnia and Herzegovina,BIH,FWD,4.2,
Nikola Vasilj,Bosnia and Herzegovina,BIH,GK,4,
Osman Hadzikic,Bosnia and Herzegovina,BIH,GK,3.6,
Martin Zlomislic,Bosnia and Herzegovina,BIH,GK,3.5,
Amar Memic,Bosnia and Herzegovina,BIH,MID,4.7,
Dzenis Burnic,Bosnia and Herzegovina,BIH,MID,4.9,
Ivan Sunjic,Bosnia and Herzegovina,BIH,MID,5.1,
Armin Gigovic,Bosnia and Herzegovina,BIH,MID,5.1,
Ivan Basic,Bosnia and Herzegovina,BIH,MID,5.1,
Benjamin Tahirovic,Bosnia and Herzegovina,BIH,MID,5.3,
Amir Hadziahmetovic,Bosnia and Herzegovina,BIH,MID,5.5,
Gabriel Magalhães,Brazil,BRA,DEF,5.5,
Marquinhos,Brazil,BRA,DEF,5.2,
Ibañez,Brazil,BRA,DEF,4.4,
Danilo,Brazil,BRA,DEF,4.3,
Douglas Santos,Brazil,BRA,DEF,4.3,
Bremer,Brazil,BRA,DEF,4.3,
Léo Pereira,Brazil,BRA,DEF,4.2,
Vinícius Júnior,Brazil,BRA,MID,10,
Matheus Cunha,Brazil,BRA,FWD,7.3,
Gabriel Martinelli,Brazil,BRA,MID,6.5,
Luiz Henrique,Brazil,BRA,FWD,6.1,
Igor Thiago,Brazil,BRA,FWD,5.9,
Rayan,Brazil,BRA,FWD,5.6,
Endrick,Brazil,BRA,FWD,5.5,
Ederson,Brazil,BRA,GK,5,
Alisson Becker,Brazil,BRA,GK,5,
Fabinho,Brazil,BRA,MID,5.2,
Danilo,Brazil,BRA,MID,5.6,
Casemiro,Brazil,BRA,MID,6.3,
Lucas Paquetá,Brazil,BRA,MID,6.5,
João Paulo,Cabo Verde,CPV,MID,4.6,
Yannick Semedo,Cabo Verde,CPV,MID,4.7,
Kevin Pina,Cabo Verde,CPV,MID,4.7,
Steven Moreira,Cabo Verde,CPV,DEF,3.9,
Wagner Pina,Cabo Verde,CPV,DEF,3.8,
Pico,Cabo Verde,CPV,DEF,3.7,
Kelvin Pires,Cabo Verde,CPV,DEF,3.6,
Sidny Cabral,Cabo Verde,CPV,DEF,3.5,
Diney,Cabo Verde,CPV,DEF,3.5,
Ryan Mendes,Cabo Verde,CPV,FWD,4.9,
Jovane Cabral,Cabo Verde,CPV,FWD,4.9,
Dailon Livramento,Cabo Verde,CPV,FWD,4.9,
Nuno da Costa,Cabo Verde,CPV,FWD,4.7,
Garry Rodrigues,Cabo Verde,CPV,FWD,4.7,
Willy Semedo,Cabo Verde,CPV,FWD,4.5,
Vozinha,Cabo Verde,CPV,GK,3.9,
CJ dos Santos,Cabo Verde,CPV,GK,3.6,
Márcio da Rosa,Cabo Verde,CPV,GK,3.5,
Telmo Arcanjo,Cabo Verde,CPV,MID,4.9,
Deroy Duarte,Cabo Verde,CPV,MID,4.9,
Laros Duarte,Cabo Verde,CPV,MID,5.1,
Richie Laryea,Canada,CAN,DEF,3.9,
Derek Cornelius,Canada,CAN,DEF,4,
Joel Waterman,Canada,CAN,DEF,3.7,
Luc De Fougerolles,Canada,CAN,DEF,3.5,
Jonathan David,Canada,CAN,FWD,7,
Cyle Larin,Canada,CAN,FWD,6.2,
Tajon Buchanan,Canada,CAN,FWD,5.5,
Liam Millar,Canada,CAN,FWD,5.1,
Tani Oluwaseyi,Canada,CAN,FWD,4.9,
Jacen Russell-Rowe,Canada,CAN,FWD,4.5,
Daniel Jebbison,Canada,CAN,FWD,4.2,
Maxime Crépeau,Canada,CAN,GK,4,
Dayne St. Clair,Canada,CAN,GK,3.8,
Owen Goodman,Canada,CAN,GK,3.5,
Ali Ahmed,Canada,CAN,MID,4.9,
Ralph Priso,Canada,CAN,MID,4.9,
Niko Sigur,Canada,CAN,MID,4.9,
Nathan Saliba,Canada,CAN,MID,5.1,
Mathieu Choinière,Canada,CAN,MID,5.3,
Jonathan Osorio,Canada,CAN,MID,5.6,
Marcelo Flores,Canada,CAN,MID,5.7,
Ismaël Koné,Canada,CAN,MID,6,
Kevin Castaño,Colombia,COL,MID,4.3,
Richard Ríos,Colombia,COL,MID,4.7,
Daniel Muñoz,Colombia,COL,DEF,4.6,
Jhon Lucumí,Colombia,COL,DEF,4.3,
Dávinson Sánchez,Colombia,COL,DEF,4.3,
Déiver Machado,Colombia,COL,DEF,3.9,
Johan Mojica,Colombia,COL,DEF,3.9,
Santiago Arias,Colombia,COL,DEF,3.9,
Luis Díaz,Colombia,COL,MID,8.1,
Jhon Córdoba,Colombia,COL,FWD,6.1,
Luis Suárez,Colombia,COL,FWD,5.7,
Andrés Gómez,Colombia,COL,FWD,4.9,
Camilo Vargas,Colombia,COL,GK,4.3,
David Ospina,Colombia,COL,GK,4,
Álvaro Montero,Colombia,COL,GK,3.8,
Jefferson Lerma,Colombia,COL,MID,4.9,
Gustavo Puerta,Colombia,COL,MID,5.3,
Juan Fernando Quintero,Colombia,COL,MID,5.6,
Jaminton Campaz,Colombia,COL,MID,5.5,
Jhon Arias,Colombia,COL,MID,6.3,
James Rodríguez,Colombia,COL,MID,6.5,
Jorge Carrascal,Colombia,COL,MID,6.1,
Aaron Wan-Bissaka,Congo DR,COD,DEF,4.3,
Arthur Masuaku,Congo DR,COD,DEF,4.2,
Chancel Mbemba,Congo DR,COD,DEF,4.2,
Axel Tuanzebe,Congo DR,COD,DEF,4,
Joris Kayembe,Congo DR,COD,DEF,3.9,
Dylan Batubinsika,Congo DR,COD,DEF,3.8,
Steve Kapuadi,Congo DR,COD,DEF,3.7,
Yoane Wissa,Congo DR,COD,FWD,6.2,
Simon Banza,Congo DR,COD,FWD,5.6,
Cédric Bakambu,Congo DR,COD,FWD,6.5,
Meschack Elia,Congo DR,COD,FWD,4.9,
Fiston Mayele,Congo DR,COD,FWD,4.9,
Nathanaël Mbuku,Congo DR,COD,FWD,4.5,
Brian Cipenga,Congo DR,COD,FWD,4.2,
Lionel Mpasi,Congo DR,COD,GK,4,
Matthieu Epolo,Congo DR,COD,GK,3.7,
Timothy Fayulu,Congo DR,COD,GK,3.6,
Ngal'ayel Mukau,Congo DR,COD,MID,4.9,
Samuel Moutoussamy,Congo DR,COD,MID,5.1,
Noah Sadiki,Congo DR,COD,MID,5.3,
Charles Pickel,Congo DR,COD,MID,5.3,
Edo Kayembe,Congo DR,COD,MID,5.6,
Théo Bongonda,Congo DR,COD,MID,6.2,
Christ Inao Oulaï,Côte d'Ivoire,CIV,MID,4.6,
Evan Ndicka,Côte d'Ivoire,CIV,DEF,4.4,
Wilfried Singo,Côte d'Ivoire,CIV,DEF,4.4,
Ousmane Diomande,Côte d'Ivoire,CIV,DEF,4.3,
Odilon Kossounou,Côte d'Ivoire,CIV,DEF,4.3,
Guéla Doué,Côte d'Ivoire,CIV,DEF,3.9,
Emmanuel Agbadou,Côte d'Ivoire,CIV,DEF,3.9,
Ghislain Konan,Côte d'Ivoire,CIV,DEF,4,
Clément Akpa,Côte d'Ivoire,CIV,DEF,3.6,
Yan Diomande,Côte d'Ivoire,CIV,FWD,5.9,
Nicolas Pépé,Côte d'Ivoire,CIV,FWD,5.9,
Elye Wahi,Côte d'Ivoire,CIV,FWD,5.9,
Amad Diallo,Côte d'Ivoire,CIV,FWD,5.9,
Simon Adingra,Côte d'Ivoire,CIV,FWD,5.6,
Evann Guessand,Côte d'Ivoire,CIV,FWD,5.3,
Bazoumana Touré,Côte d'Ivoire,CIV,FWD,4.5,
Alban Lafont,Côte d'Ivoire,CIV,GK,4.1,
Yahia Fofana,Côte d'Ivoire,CIV,GK,4.2,
Mohamed Koné,Côte d'Ivoire,CIV,GK,3.7,
Parfait Guiagon,Côte d'Ivoire,CIV,MID,4.9,
Jean Michaël Seri,Côte d'Ivoire,CIV,MID,5.5,
Ibrahim Sangaré,Côte d'Ivoire,CIV,MID,5.8,
Franck Kessie,Côte d'Ivoire,CIV,MID,5.9,
Seko Fofana,Côte d'Ivoire,CIV,MID,6.8,
Petar Sucic,Croatia,CRO,MID,4.2,
Josip Stanisic,Croatia,CRO,DEF,4.3,
Josip Sutalo,Croatia,CRO,DEF,4.3,
Duje Caleta-Car,Croatia,CRO,DEF,4,
Marin Pongracic,Croatia,CRO,DEF,4,
Martin Erlic,Croatia,CRO,DEF,3.9,
Luka Vuskovic,Croatia,CRO,DEF,3.7,
Ante Budimir,Croatia,CRO,FWD,6.8,
Andrej Kramaric,Croatia,CRO,FWD,6.2,
Ivan Perisic,Croatia,CRO,FWD,5.4,
Marco Pasalic,Croatia,CRO,FWD,5.3,
Petar Musa,Croatia,CRO,FWD,5.1,
Igor Matanovic,Croatia,CRO,FWD,4.9,
Dominik Livakovic,Croatia,CRO,GK,4.5,
Ivor Pandur,Croatia,CRO,GK,3.9,
Luka Sucic,Croatia,CRO,MID,4.9,
Toni Fruk,Croatia,CRO,MID,4.9,
Nikola Moro,Croatia,CRO,MID,5.6,
Kristijan Jakic,Croatia,CRO,MID,5.6,
Nikola Vlasic,Croatia,CRO,MID,6.1,
Luka Modric,Croatia,CRO,MID,6.2,
Mario Pasalic,Croatia,CRO,MID,6.4,
Martin Baturina,Croatia,CRO,MID,6.5,
Tahith Chong,Curaçao,CUW,MID,4.2,
Godfried Roemeratoe,Curaçao,CUW,MID,4.7,
Leandro Bacuna,Curaçao,CUW,DEF,4,
Riechedly Bazoer,Curaçao,CUW,DEF,3.8,
Joshua Brenet,Curaçao,CUW,DEF,3.7,
Shurandy Sambo,Curaçao,CUW,DEF,3.6,
Sherel Floranus,Curaçao,CUW,DEF,3.6,
Roshon van Eijma,Curaçao,CUW,DEF,3.5,
Ar'Jany Martha,Curaçao,CUW,DEF,3.5,
Juriën Gaari,Curaçao,CUW,DEF,3.5,
Livano Comenencia,Curaçao,CUW,DEF,4.5,
Tyrese Noslin,Curaçao,CUW,DEF,3.5,
Brandley Kuwas,Curaçao,CUW,FWD,4.4,
Sontje Hansen,Curaçao,CUW,FWD,4.4,
Kenji Gorré,Curaçao,CUW,FWD,4.2,
Jearl Margaritha,Curaçao,CUW,FWD,4.2,
Gervane Kastaneer,Curaçao,CUW,FWD,4,
Jeremy Antonisse,Curaçao,CUW,FWD,4,
Eloy Room,Curaçao,CUW,GK,3.9,
Trevor Doornbusch,Curaçao,CUW,GK,3.6,
Tyrick Bodak,Curaçao,CUW,GK,3.5,
Kevin Felida,Curaçao,CUW,MID,4.5,
Juninho Bacuna,Curaçao,CUW,MID,5.1,
Denis Visinsky,Czechia,CZE,MID,4.9,
Ladislav Krejcí,Czechia,CZE,DEF,4.4,
Tomás Holes,Czechia,CZE,DEF,3.9,
David Jurásek,Czechia,CZE,DEF,3.9,
Robin Hranác,Czechia,CZE,DEF,3.9,
Jaroslav Zeleny,Czechia,CZE,DEF,3.9,
Vladimír Coufal,Czechia,CZE,DEF,3.6,
Stepán Chaloupek,Czechia,CZE,DEF,3.5,
Patrik Schick,Czechia,CZE,FWD,7.3,
Tomás Chory,Czechia,CZE,FWD,5.3,
Mojmír Chytil,Czechia,CZE,FWD,4.9,
Tomás Ladra,Czechia,CZE,FWD,4.4,
Matej Kovár,Czechia,CZE,GK,4.1,
Lukás Hornícek,Czechia,CZE,GK,3.8,
Lukás Cerv,Czechia,CZE,MID,5.3,
Vladimír Darida,Czechia,CZE,MID,5.3,
Pavel Bucha,Czechia,CZE,MID,5.5,
Tomás Soucek,Czechia,CZE,MID,5.6,
Michal Sadílek,Czechia,CZE,MID,5.6,
Lukás Provod,Czechia,CZE,MID,5.9,
Pavel Sulc,Czechia,CZE,MID,5.9,
Denil Castillo,Ecuador,ECU,MID,4.9,
Jordy Alcívar,Ecuador,ECU,MID,4.9,
Pervis Estupiñán,Ecuador,ECU,DEF,4.8,
Ángelo Preciado,Ecuador,ECU,DEF,4.3,
Joel Ordóñez,Ecuador,ECU,DEF,3.9,
Félix Torres,Ecuador,ECU,DEF,3.9,
José Hurtado,Ecuador,ECU,DEF,3.9,
Jackson Porozo,Ecuador,ECU,DEF,3.8,
Yaimar Medina,Ecuador,ECU,DEF,3.5,
Enner Valencia,Ecuador,ECU,FWD,5.9,
Gonzalo Plata,Ecuador,ECU,FWD,5.6,
John Yeboah,Ecuador,ECU,MID,5.1,
Kevin Rodríguez,Ecuador,ECU,FWD,4.9,
Alan Minda,Ecuador,ECU,FWD,4.9,
Jordy Caicedo,Ecuador,ECU,FWD,4.9,
John Mercado,Ecuador,ECU,FWD,4.4,
Anthony Valencia,Ecuador,ECU,MID,4.2,
Jeremy Arévalo,Ecuador,ECU,FWD,4,
Hernán Galíndez,Ecuador,ECU,GK,4.2,
Moisés Ramírez,Ecuador,ECU,GK,3.9,
Gonzalo Valle,Ecuador,ECU,GK,3.6,
Kendry Páez,Ecuador,ECU,MID,5.2,
Alan Franco,Ecuador,ECU,MID,5.6,
Pedro Vite,Ecuador,ECU,MID,5.2,
Moisés Caicedo,Ecuador,ECU,MID,6.8,
Marwan Attia,Egypt,EGY,MID,4.3,
Zizo,Egypt,EGY,MID,4.3,
Hamdi Fathy,Egypt,EGY,MID,4.4,
Emam Ashour,Egypt,EGY,MID,4.6,
Mahmoud Saber,Egypt,EGY,MID,4.9,
Mohamed Abdelmonem,Egypt,EGY,DEF,4,
Ahmed Fatouh,Egypt,EGY,DEF,3.9,
Mohamed Hany,Egypt,EGY,DEF,3.6,
Ramy Rabia,Egypt,EGY,DEF,3.6,
Hossam Abdelmaguid,Egypt,EGY,DEF,3.6,
Tarek Alaa,Egypt,EGY,DEF,3.5,
Yasser Ibrahim,Egypt,EGY,DEF,3.5,
Omar Marmoush,Egypt,EGY,FWD,7.8,
Trezeguet,Egypt,EGY,FWD,5.6,
Haissem Hassan,Egypt,EGY,FWD,4.6,
Mohamed El Shenawy,Egypt,EGY,GK,3.6,
El Mahdy Soliman,Egypt,EGY,GK,3.6,
Mostafa Shobeir,Egypt,EGY,GK,3.5,
Mohamed Alaa,Egypt,EGY,GK,3.5,
Mohanad Lasheen,Egypt,EGY,MID,5.3,
Ibrahim Adel,Egypt,EGY,MID,5.9,
Nico O'Reilly,England,ENG,DEF,4.7,
Tino Livramento,England,ENG,DEF,4.6,
Marc Guéhi,England,ENG,DEF,5.1,
Dan Burn,England,ENG,DEF,4.5,
Ezri Konsa,England,ENG,DEF,4.8,
John Stones,England,ENG,DEF,4.6,
Djed Spence,England,ENG,DEF,4.5,
Harry Kane,England,ENG,FWD,10.5,
Bukayo Saka,England,ENG,MID,9.5,
Marcus Rashford,England,ENG,MID,7.5,
Anthony Gordon,England,ENG,MID,7,
Morgan Rogers,England,ENG,MID,7.2,
Noni Madueke,England,ENG,FWD,6.1,
Jordan Pickford,England,ENG,GK,4.8,
Dean Henderson,England,ENG,GK,4.2,
James Trafford,England,ENG,GK,4,
Jordan Henderson,England,ENG,MID,5.1,
Kobbie Mainoo,England,ENG,MID,6.1,
Elliot Anderson,England,ENG,MID,6.5,
Declan Rice,England,ENG,MID,7,
Jude Bellingham,England,ENG,MID,8.3,
Theo Hernández,France,FRA,DEF,5,
Maxence Lacroix,France,FRA,DEF,4.5,
Dayot Upamecano,France,FRA,DEF,5.3,
Ibrahima Konaté,France,FRA,DEF,4.9,
Lucas Hernández,France,FRA,DEF,5.2,
Lucas Digne,France,FRA,DEF,5,
Malo Gusto,France,FRA,DEF,5.1,
Kylian Mbappé,France,FRA,FWD,10.5,
Ousmane Dembélé,France,FRA,MID,10,
Marcus Thuram,France,FRA,FWD,7.5,
Désiré Doué,France,FRA,MID,7.5,
Mike Maignan,France,FRA,GK,5,
Brice Samba,France,FRA,GK,4.5,
N'Golo Kanté,France,FRA,MID,5.1,
Adrien Rabiot,France,FRA,MID,6.4,
Warren Zaïre-Emery,France,FRA,MID,6.1,
Manu Koné,France,FRA,MID,6.1,
Maghnes Akliouche,France,FRA,MID,6.4,
Aurélien Tchouaméni,France,FRA,MID,6.5,
Rayan Cherki,France,FRA,MID,8,
Michael Olise,France,FRA,MID,9.5,
Lennart Karl,Germany,GER,MID,4.8,
Angelo Stiller,Germany,GER,MID,5.8,
Antonio Rüdiger,Germany,GER,DEF,5.5,
David Raum,Germany,GER,DEF,4.9,
Malick Thiaw,Germany,GER,DEF,4.7,
Jonathan Tah,Germany,GER,DEF,5.3,
Nathaniel Brown,Germany,GER,DEF,4.7,
Nico Schlotterbeck,Germany,GER,DEF,5.3,
Waldemar Anton,Germany,GER,DEF,3.9,
Kai Havertz,Germany,GER,FWD,7.8,
Leroy Sané,Germany,GER,MID,7.4,
Deniz Undav,Germany,GER,FWD,6.6,
Nick Woltemade,Germany,GER,FWD,7.2,
Alexander Nübel,Germany,GER,GK,4.7,
Oliver Baumann,Germany,GER,GK,4.3,
Pascal Groß,Germany,GER,MID,5.6,
Leon Goretzka,Germany,GER,MID,6.1,
Joshua Kimmich,Germany,GER,DEF,5.5,
Florian Wirtz,Germany,GER,MID,7.5,
Benjamin Asare,Ghana,GHA,GK,3.8,
Woodensky Pierre,Haiti,HAI,MID,4.2,
Leverton Pierre,Haiti,HAI,MID,4.2,
Jean-Ricner Bellegarde,Haiti,HAI,MID,4.7,
Carl Sainté,Haiti,HAI,MID,4.7,
Danley Jean Jacques,Haiti,HAI,MID,4.7,
Jean-Kévin Duverne,Haiti,HAI,DEF,3.8,
Carlens Arcus,Haiti,HAI,DEF,3.8,
Hannes Delcroix,Haiti,HAI,DEF,3.7,
Ricardo Adé,Haiti,HAI,DEF,3.5,
Martin Expérience,Haiti,HAI,DEF,3.5,
Wilguens Paugain,Haiti,HAI,DEF,3.5,
Duke Lacroix,Haiti,HAI,DEF,3.5,
Wilson Isidor,Haiti,HAI,FWD,5,
Duckens Nazon,Haiti,HAI,FWD,6,
Frantzdy Pierrot,Haiti,HAI,FWD,4.7,
Derrick Etienne,Haiti,HAI,FWD,4.4,
Louicius Deedson,Haiti,HAI,FWD,4.2,
Yassin Fortuné,Haiti,HAI,FWD,4.2,
Josué Casimir,Haiti,HAI,FWD,4.2,
Ruben Providence,Haiti,HAI,FWD,4,
Johny Placide,Haiti,HAI,GK,3.9,
Alexandre Pierre,Haiti,HAI,GK,3.6,
Josué Duverger,Haiti,HAI,GK,3.5,
Amir Mohammad Razzaghinia,IR Iran,IRN,MID,4.2,
Hadi Habibinejad,IR Iran,IRN,MID,4.7,
Mohammad Ghorbani,IR Iran,IRN,MID,5.1,
Ramin Rezaeian,IR Iran,IRN,DEF,4,
Hossein Kanani,IR Iran,IRN,DEF,3.9,
Milad Mohammadi,IR Iran,IRN,DEF,3.8,
Shoja Khalilzadeh,IR Iran,IRN,DEF,3.8,
Ehsan Hajisafi,IR Iran,IRN,DEF,3.7,
Saleh Hardani,IR Iran,IRN,DEF,3.7,
Ali Nemati,IR Iran,IRN,DEF,3.5,
Aria Yousefi,IR Iran,IRN,DEF,3.5,
Danial Eiri,IR Iran,IRN,DEF,3.5,
Mehdi Taremi,IR Iran,IRN,FWD,6.1,
Alireza Jahanbakhsh,IR Iran,IRN,FWD,5.3,
Saman Ghoddos,IR Iran,IRN,FWD,4.9,
Ali Alipour,IR Iran,IRN,FWD,4.6,
Dennis Dargahi,IR Iran,IRN,FWD,4.6,
Amirhossein Hosseinzadeh,IR Iran,IRN,FWD,4.5,
Amirhossein Mahmoudi,IR Iran,IRN,FWD,4,
Alireza Beiranvand,IR Iran,IRN,GK,4.2,
Payam Niazmand,IR Iran,IRN,GK,3.9,
Hossein Hosseini,IR Iran,IRN,GK,3.8,
Mohammad Khalifeh,IR Iran,IRN,GK,3.5,
Omid Noorafkan,IR Iran,IRN,MID,5.3,
Mehdi Torabi,IR Iran,IRN,MID,5.6,
Saeid Ezatolahi,IR Iran,IRN,MID,5.6,
Mohammad Mohebi,IR Iran,IRN,MID,5.9,
Mehdi Ghayedi,IR Iran,IRN,MID,5.9,
Zaid Ismael,Iraq,IRQ,MID,4.4,
Marko Farji,Iraq,IRQ,MID,4.4,
Hasan Abdulkareem,Iraq,IRQ,MID,4.7,
Peter Gwargis,Iraq,IRQ,MID,5.1,
Kevin Yakob,Iraq,IRQ,MID,5.1,
Amir Al Ammari,Iraq,IRQ,MID,5.3,
Aimar Sher,Iraq,IRQ,MID,5.3,
Merchas Doski,Iraq,IRQ,DEF,3.8,
Frans Putros,Iraq,IRQ,DEF,3.7,
Rebin Sulaka,Iraq,IRQ,DEF,3.7,
Maytham Jabbar,Iraq,IRQ,DEF,3.6,
Hussein Ali,Iraq,IRQ,DEF,3.6,
Zaid Tahseen,Iraq,IRQ,DEF,3.6,
Munaf Younus,Iraq,IRQ,DEF,3.5,
Akam Hashim,Iraq,IRQ,DEF,3.5,
Ahmed Maknzi,Iraq,IRQ,DEF,3.5,
Aymen Hussein,Iraq,IRQ,FWD,5.3,
Mohanad Ali,Iraq,IRQ,FWD,4.9,
Ali Jasim,Iraq,IRQ,FWD,4.9,
Ali Al Hamadi,Iraq,IRQ,FWD,4.7,
Youssef Amyn,Iraq,IRQ,FWD,4.4,
Ali Yousif,Iraq,IRQ,FWD,4.2,
Karar Nabeel,Iraq,IRQ,MID,4,
Ahmed Basil,Iraq,IRQ,GK,3.8,
Fahad Talib,Iraq,IRQ,GK,3.7,
Kumel Saadi,Iraq,IRQ,GK,3.5,
Zidane Iqbal,Iraq,IRQ,MID,5.6,
Ibrahim Bayesh,Iraq,IRQ,MID,5.6,
Kaishu Sano,Japan,JPN,MID,4.9,
Yukinari Sugawara,Japan,JPN,DEF,4.4,
Tsuyoshi Watanabe,Japan,JPN,DEF,4.3,
Hiroki Ito,Japan,JPN,DEF,3.9,
Shogo Taniguchi,Japan,JPN,DEF,3.9,
Ayumu Seko,Japan,JPN,DEF,3.8,
Junnosuke Suzuki,Japan,JPN,DEF,3.5,
Junya Ito,Japan,JPN,MID,5,
Daizen Maeda,Japan,JPN,MID,5,
Keito Nakamura,Japan,JPN,MID,5.5,
Ayase Ueda,Japan,JPN,FWD,7,
Koki Ogawa,Japan,JPN,FWD,4.9,
Keisuke Goto,Japan,JPN,FWD,4.2,
Kento Shiogai,Japan,JPN,FWD,4,
Zion Suzuki,Japan,JPN,GK,4.3,
Keisuke Osako,Japan,JPN,GK,4,
Tomoki Hayakawa,Japan,JPN,GK,3.8,
Yuito Suzuki,Japan,JPN,MID,5,
Ao Tanaka,Japan,JPN,MID,5,
Daichi Kamada,Japan,JPN,MID,5.8,
Ritsu Doan,Japan,JPN,DEF,5.1,
Yousef Qashi,Jordan,JOR,MID,4.2,
Ibrahim Sadeh,Jordan,JOR,MID,4.4,
Mohammad Al Daoud,Jordan,JOR,MID,4.7,
Noor Al Rawabdeh,Jordan,JOR,MID,4.7,
Nizar Al Rashdan,Jordan,JOR,MID,4.9,
Yazan Al Arab,Jordan,JOR,DEF,3.7,
Abdallah Nasib,Jordan,JOR,DEF,3.6,
Mohannad Abu Taha,Jordan,JOR,DEF,3.5,
Mohammad Abu Hasheesh,Jordan,JOR,DEF,3.5,
Husam Abu Al Dahab,Jordan,JOR,DEF,3.5,
Mohammad Taha,Jordan,JOR,DEF,3.5,
Ahmad Assaf,Jordan,JOR,DEF,3.5,
Saleem Obaid,Jordan,JOR,DEF,3.5,
Mohammad Abu Al Nadi,Jordan,JOR,DEF,3.5,
Amer Jamous,Jordan,JOR,DEF,3.5,
Mousa Al Tamari,Jordan,JOR,FWD,5.6,
Mohammad Abu Zraiq,Jordan,JOR,FWD,4.2,
Mahmoud Al Mardi,Jordan,JOR,FWD,4.2,
Ibrahim Sabra,Jordan,JOR,FWD,4,
Ali Azaizeh,Jordan,JOR,FWD,4,
Odeh Fakhoury,Jordan,JOR,FWD,4,
Yazeed  Abulaila,Jordan,JOR,GK,3.9,
Abdallah Al Fakhouri,Jordan,JOR,GK,3.6,
Park Jin-Seob,Korea Republic,KOR,MID,4.9,
Kim Jin-Gyu,Korea Republic,KOR,MID,4.9,
Kim Min-Jae,Korea Republic,KOR,DEF,5,
Seol Young-Woo,Korea Republic,KOR,DEF,4.2,
Cho Yu-Min,Korea Republic,KOR,DEF,3.9,
Kim Moon-Hwan,Korea Republic,KOR,DEF,3.9,
Lee Han-Beom,Korea Republic,KOR,DEF,3.7,
Lee Tae-Seok,Korea Republic,KOR,DEF,3.7,
Kim Tae-Hyeon,Korea Republic,KOR,DEF,3.6,
Son Heung-Min,Korea Republic,KOR,FWD,7.4,
Hwang Hee-Chan,Korea Republic,KOR,FWD,6.1,
Cho Gue-Sung,Korea Republic,KOR,FWD,5.3,
Oh Hyeon-Gyu,Korea Republic,KOR,FWD,4.9,
Yang Hyun-Jun,Korea Republic,KOR,FWD,4.7,
Eom Ji-Sung,Korea Republic,KOR,FWD,4.6,
Jo Hyeon-Woo,Korea Republic,KOR,GK,4.6,
Kim Seung-Gyu,Korea Republic,KOR,GK,4.1,
Song Bum-Keun,Korea Republic,KOR,GK,3.9,
Paik Seung-Ho,Korea Republic,KOR,MID,5.6,
Jens Castrop,Korea Republic,KOR,MID,5.6,
Bae Jun-Ho,Korea Republic,KOR,MID,5.9,
Lee Kang-In,Korea Republic,KOR,MID,6.1,
Lee Jae-Sung,Korea Republic,KOR,MID,6.2,
Obed Vargas,Mexico,MEX,MID,4.7,
Johan Vásquez,Mexico,MEX,DEF,4.7,
César Montes,Mexico,MEX,DEF,4.7,
Jesús Gallardo,Mexico,MEX,DEF,4.7,
Jorge Sánchez,Mexico,MEX,DEF,4,
Israel Reyes,Mexico,MEX,DEF,4,
Jesús Angulo,Mexico,MEX,DEF,3.9,
Richard Ledezma,Mexico,MEX,DEF,3.9,
Everardo López,Mexico,MEX,DEF,3.5,
Raúl Jiménez,Mexico,MEX,FWD,7,
Germán Berterame,Mexico,MEX,FWD,5.6,
Julián Quiñones,Mexico,MEX,FWD,5.6,
Alexis Vega,Mexico,MEX,FWD,5.3,
Roberto Alvarado,Mexico,MEX,FWD,5.3,
Guillermo Martínez,Mexico,MEX,FWD,4.7,
Armando González,Mexico,MEX,FWD,4.4,
Guillermo Ochoa,Mexico,MEX,GK,4.2,
Carlos Acevedo,Mexico,MEX,GK,4,
Raúl Rangel,Mexico,MEX,GK,3.9,
Brian Gutiérrez,Mexico,MEX,MID,5,
Érik Lira,Mexico,MEX,MID,5.6,
Carlos Rodríguez,Mexico,MEX,MID,5.9,
Érick Sánchez,Mexico,MEX,MID,4.5,
Orbelín Pineda,Mexico,MEX,MID,6.2,
Álvaro Fidalgo,Mexico,MEX,MID,6.4,
Samir El Mourabet,Morocco,MAR,MID,4.7,
Anass Salah-Eddine,Morocco,MAR,DEF,3.9,
Ayoub El Kaabi,Morocco,MAR,FWD,5.9,
Gessime Yassine,Morocco,MAR,FWD,4,
Ismael Saibari,Morocco,MAR,MID,6.8,
Denzel Dumfries,Netherlands,NED,DEF,5.7,
Virgil van Dijk,Netherlands,NED,DEF,5.5,
Micky van de Ven,Netherlands,NED,DEF,5.1,
Nathan Aké,Netherlands,NED,DEF,5,
Jan Paul van Hecke,Netherlands,NED,DEF,4.3,
Jorrel Hato,Netherlands,NED,DEF,4.3,
Cody Gakpo,Netherlands,NED,FWD,7.7,
Donyell Malen,Netherlands,NED,FWD,6.1,
Noa Lang,Netherlands,NED,FWD,5.9,
Brian Brobbey,Netherlands,NED,FWD,5.7,
Wout Weghorst,Netherlands,NED,FWD,5.5,
Bart Verbruggen,Netherlands,NED,GK,4.7,
Mark Flekken,Netherlands,NED,GK,4.7,
Ryan Gravenberch,Netherlands,NED,MID,6.1,
Teun Koopmeiners,Netherlands,NED,MID,6.2,
Tijjani Reijnders,Netherlands,NED,MID,6.5,
Quinten Timber,Netherlands,NED,MID,6.8,
Callum McCowatt,New Zealand,NZL,MID,4.7,
Alex Rufer,New Zealand,NZL,MID,4.9,
Joe Bell,New Zealand,NZL,MID,5.1,
Ryan Thomas,New Zealand,NZL,MID,5.3,
Marko Stamenic,New Zealand,NZL,MID,5.6,
Tyler Bindon,New Zealand,NZL,DEF,3.6,
Francis de Vries,New Zealand,NZL,DEF,3.6,
Tim Payne,New Zealand,NZL,DEF,3.6,
Callan Elliot,New Zealand,NZL,DEF,3.5,
Finn Surman,New Zealand,NZL,DEF,3.5,
Kosta Barbarouses,New Zealand,NZL,FWD,4.4,
Elijah Just,New Zealand,NZL,MID,4.2,
Ben Waine,New Zealand,NZL,FWD,4.2,
Ben Old,New Zealand,NZL,FWD,4.2,
Jesse Randall,New Zealand,NZL,FWD,4,
Lachlan Bayliss,New Zealand,NZL,MID,4,
Max Crocombe,New Zealand,NZL,GK,3.9,
Alex Paulsen,New Zealand,NZL,GK,3.8,
Michael Woud,New Zealand,NZL,GK,3.7,
Sander Berge,Norway,NOR,MID,4.7,
Oscar Bobb,Norway,NOR,MID,5.1,
Morten Thorsby,Norway,NOR,MID,5.6,
Patrick Berg,Norway,NOR,MID,5.6,
Kristoffer Ajer,Norway,NOR,DEF,4.3,
Julian Ryerson,Norway,NOR,DEF,4.2,
Marcus Pedersen,Norway,NOR,DEF,4.1,
Leo Østigård,Norway,NOR,DEF,4.1,
David Møller Wolfe,Norway,NOR,DEF,4,
Fredrik Bjørkan,Norway,NOR,DEF,4,
Torbjørn Heggem,Norway,NOR,DEF,3.7,
Henrik Falchener,Norway,NOR,DEF,3.5,
Erling Haaland,Norway,NOR,FWD,10.5,
Alexander Sørloth,Norway,NOR,FWD,6.8,
Andreas Schjelderup,Norway,NOR,FWD,6.2,
Jørgen Strand Larsen,Norway,NOR,FWD,5.6,
Ørjan Nyland,Norway,NOR,GK,4.2,
Egil Selvik,Norway,NOR,GK,3.8,
Jens Petter Hauge,Norway,NOR,MID,5.9,
Antonio Nusa,Norway,NOR,MID,6.1,
Kristian Thorstvedt,Norway,NOR,MID,6.2,
Carlos Harvey,Panama,PAN,MID,4.9,
Cristian Martínez,Panama,PAN,MID,5.3,
Yoel Bárcenas,Panama,PAN,MID,5.6,
José Luis Rodríguez,Panama,PAN,MID,5.6,
Aníbal Godoy,Panama,PAN,MID,5.6,
Amir Murillo,Panama,PAN,DEF,5,
José Córdoba,Panama,PAN,DEF,4,
Éric Davis,Panama,PAN,DEF,3.9,
César Blackman,Panama,PAN,DEF,3.7,
Andrés Andrade,Panama,PAN,DEF,3.7,
Roderick Miller,Panama,PAN,DEF,3.5,
Jiovany Ramos,Panama,PAN,DEF,3.5,
Jorge Gutiérrez,Panama,PAN,DEF,3.5,
Ismael Díaz,Panama,PAN,FWD,4.9,
José Fajardo,Panama,PAN,FWD,4.7,
Cecilio Waterman,Panama,PAN,FWD,5,
César Yanis,Panama,PAN,FWD,4.4,
Luis Mejía,Panama,PAN,GK,4,
Orlando Mosquera,Panama,PAN,GK,3.9,
César Samudio,Panama,PAN,GK,3.6,
Adalberto Carrasquilla,Panama,PAN,MID,6.5,
Maurício Magalhães Prado,Paraguay,PAR,MID,4.6,
Alejandro Romero,Paraguay,PAR,MID,4.7,
Matías Galarza,Paraguay,PAR,MID,4.8,
Lucas Romero,Paraguay,PAR,MID,5.6,
Braian Ojeda,Paraguay,PAR,MID,5.6,
Gustavo Gómez,Paraguay,PAR,DEF,4.6,
Júnior Alonso,Paraguay,PAR,DEF,4.1,
Omar Alderete,Paraguay,PAR,DEF,4.1,
Fabián Balbuena,Paraguay,PAR,DEF,4,
Alan Benítez,Paraguay,PAR,DEF,3.8,
Gustavo Velázquez,Paraguay,PAR,DEF,3.8,
Juan José Cáceres,Paraguay,PAR,DEF,3.8,
José Canale,Paraguay,PAR,DEF,3.6,
Miguel Almirón,Paraguay,PAR,MID,6,
Antonio Sanabria,Paraguay,PAR,FWD,6.5,
Ramón Sosa,Paraguay,PAR,FWD,5.3,
Álex Arce,Paraguay,PAR,FWD,4.9,
Gabriel Ávalos,Paraguay,PAR,FWD,4.9,
Gustavo Caballero,Paraguay,PAR,FWD,4.2,
Alexandro Maidana,Paraguay,PAR,FWD,4,
Roberto Fernández,Paraguay,PAR,GK,4,
Gastón Olveira,Paraguay,PAR,GK,3.8,
Orlando Gill,Paraguay,PAR,GK,3.5,
Damián Bobadilla,Paraguay,PAR,MID,5.5,
Julio Enciso,Paraguay,PAR,MID,6.6,
Diego Gómez,Paraguay,PAR,MID,6.8,
Samú Costa,Portugal,POR,MID,5.6,
Nuno Mendes,Portugal,POR,DEF,5.8,
João Cancelo,Portugal,POR,DEF,5.3,
Diogo Dalot,Portugal,POR,DEF,5,
Gonçalo Inácio,Portugal,POR,DEF,4.6,
Renato Veiga,Portugal,POR,DEF,4.3,
Tomás Araújo,Portugal,POR,DEF,4.1,
Gonçalo Ramos,Portugal,POR,FWD,7.5,
João Félix,Portugal,POR,FWD,6.5,
Pedro Neto,Portugal,POR,MID,6.4,
Trincão,Portugal,POR,FWD,5.9,
Gonçalo Guedes,Portugal,POR,FWD,5.8,
Francisco Conceição,Portugal,POR,MID,5.7,
Rui Silva,Portugal,POR,GK,4.7,
José Sá,Portugal,POR,GK,4.7,
Ricardo Velho,Portugal,POR,GK,4,
Rúben Neves,Portugal,POR,MID,5.9,
Matheus Nunes,Portugal,POR,MID,6.1,
Vitinha,Portugal,POR,MID,6.4,
João Neves,Portugal,POR,MID,6.5,
Bruno Fernandes,Portugal,POR,MID,8.5,
Mohammad Al Mannai,Qatar,QAT,MID,4.2,
Ayoub Al Oui,Qatar,QAT,MID,4.4,
Ahmed Fathy,Qatar,QAT,MID,4.7,
Karim Boudiaf,Qatar,QAT,MID,4.9,
Assim Madibo,Qatar,QAT,MID,5.1,
Mohammed Waad,Qatar,QAT,MID,5.3,
Pedro Miguel,Qatar,QAT,DEF,3.9,
Bassam Al Rawi,Qatar,QAT,DEF,3.8,
Lucas Mendes,Qatar,QAT,DEF,3.8,
Boualem Khoukhi,Qatar,QAT,DEF,3.8,
Niall Mason,Qatar,QAT,DEF,3.5,
Hashmi Al Hussain,Qatar,QAT,DEF,3.5,
Issa Laye,Qatar,QAT,DEF,3.5,
Akram Afif,Qatar,QAT,FWD,5.9,
Almoez Ali,Qatar,QAT,FWD,5.3,
Edmílson Junior,Qatar,QAT,FWD,4.9,
Hassan Al Haydos,Qatar,QAT,FWD,4.6,
Yusuf Abdurisag,Qatar,QAT,FWD,4.4,
Ahmed Al Ganehi,Qatar,QAT,FWD,4.2,
Mubarak Shanan,Qatar,QAT,FWD,4,
Meshaal Barsham,Qatar,QAT,GK,4.1,
Salah Zakaria,Qatar,QAT,GK,3.7,
Shehab Ellethy,Qatar,QAT,GK,3.6,
Mahmud Abunada,Qatar,QAT,GK,3.5,
Musab Al Juwayr,Saudi Arabia,KSA,MID,4.1,
Ziyad Al Johani,Saudi Arabia,KSA,MID,4.9,
Mohamed Kanno,Saudi Arabia,KSA,MID,5.1,
Abdullah Al Khaibari,Saudi Arabia,KSA,MID,5.1,
Aiman Yahya,Saudi Arabia,KSA,MID,5.6,
Saud Abdulhamid,Saudi Arabia,KSA,DEF,4.1,
Abdulelah Al Amri,Saudi Arabia,KSA,DEF,3.7,
Hassan Kadish,Saudi Arabia,KSA,DEF,3.7,
Ali Majrashi,Saudi Arabia,KSA,DEF,3.6,
Nawaf Bu Washl,Saudi Arabia,KSA,DEF,3.5,
Ali Lajami,Saudi Arabia,KSA,DEF,3.5,
Feras Al Brikan,Saudi Arabia,KSA,FWD,5.3,
Abdullah Al Hamddan,Saudi Arabia,KSA,FWD,4.9,
Khalid Al Ghannam,Saudi Arabia,KSA,FWD,4.9,
Saleh Al Shehri,Saudi Arabia,KSA,FWD,4.9,
Sultan Mandash,Saudi Arabia,KSA,FWD,4.5,
Nawaf Al Aqidi,Saudi Arabia,KSA,GK,4,
Ahmed Al Kassar,Saudi Arabia,KSA,GK,3.9,
Mohammed Al Owais,Saudi Arabia,KSA,GK,3.5,
John McGinn,Scotland,SCO,MID,6,
Billy Gilmour,Scotland,SCO,MID,5.1,
Ryan Christie,Scotland,SCO,MID,5.6,
Kenny McLean,Scotland,SCO,MID,4.8,
Andy Robertson,Scotland,SCO,DEF,5,
Kieran Tierney,Scotland,SCO,DEF,4.3,
Nathan Patterson,Scotland,SCO,DEF,4,
Jack Hendry,Scotland,SCO,DEF,3.9,
John Souttar,Scotland,SCO,DEF,3.8,
Scott McKenna,Scotland,SCO,DEF,3.8,
Anthony Ralston,Scotland,SCO,DEF,3.8,
Dominic Hyam,Scotland,SCO,DEF,3.6,
Grant Hanley,Scotland,SCO,DEF,3.5,
Ché Adams,Scotland,SCO,FWD,5.4,
George Hirst,Scotland,SCO,FWD,4.6,
Lyndon Dykes,Scotland,SCO,FWD,4.6,
Findlay Curtis,Scotland,SCO,FWD,4,
Liam Kelly,Scotland,SCO,GK,3.7,
Angus Gunn,Scotland,SCO,GK,3.6,
Scott McTominay,Scotland,SCO,MID,6.5,
Lewis Ferguson,Scotland,SCO,MID,4.8,
Idrissa Gueye,Senegal,SEN,MID,4.9,
Pape Matar Sarr,Senegal,SEN,MID,5.6,
Pathé Ciss,Senegal,SEN,MID,5.6,
Pape Gueye,Senegal,SEN,MID,5.9,
Mamadou Sarr,Senegal,SEN,DEF,4.7,
Moussa Niakhaté,Senegal,SEN,DEF,4.3,
El Hadji Malick Diouf,Senegal,SEN,DEF,4.1,
Ismail Jakobs,Senegal,SEN,DEF,4.1,
Kalidou Koulibaly,Senegal,SEN,DEF,4.9,
Abdoulaye Seck,Senegal,SEN,DEF,3.8,
Antoine Mendy,Senegal,SEN,DEF,3.7,
Nicolas Jackson,Senegal,SEN,FWD,6.7,
Iliman Ndiaye,Senegal,SEN,FWD,6.5,
Ismaïla Sarr,Senegal,SEN,FWD,6.2,
Assane Diao,Senegal,SEN,FWD,4.9,
Cherif Ndiaye,Senegal,SEN,FWD,4.9,
Bamba Dieng,Senegal,SEN,FWD,4.9,
Ibrahim Mbaye,Senegal,SEN,FWD,4.4,
Édouard Mendy,Senegal,SEN,GK,4.5,
Yehvann Diouf,Senegal,SEN,GK,3.9,
Mory Diaw,Senegal,SEN,GK,3.8,
Krépin Diatta,Senegal,SEN,MID,6.1,
Lamine Camara,Senegal,SEN,MID,6.2,
Habib Diarra,Senegal,SEN,MID,6.2,
Jayden Adams,South Africa,RSA,MID,4,
Teboho Mokoena,South Africa,RSA,MID,4.3,
Themba Zwane,South Africa,RSA,MID,4.3,
Thalente Mbatha,South Africa,RSA,MID,4.9,
Tshepang Moremi,South Africa,RSA,MID,4.9,
Yaya Sithole,South Africa,RSA,MID,5.1,
Aubrey Modiba,South Africa,RSA,DEF,3.7,
Thabang Matuludi,South Africa,RSA,DEF,3.7,
Khuliso Mudau,South Africa,RSA,DEF,3.6,
Nkosinathi Sibisi,South Africa,RSA,DEF,3.6,
Mbekezeli Mbokazi,South Africa,RSA,DEF,3.5,
Khulumani Ndamane,South Africa,RSA,DEF,3.5,
Ime Okon,South Africa,RSA,DEF,3.5,
Samukele Kabini,South Africa,RSA,DEF,3.5,
Lyle Foster,South Africa,RSA,FWD,5.4,
Relebohile Mofokeng,South Africa,RSA,FWD,4.9,
Oswin Appollis,South Africa,RSA,FWD,4.9,
Evidence Makgopa,South Africa,RSA,FWD,4.5,
Thapelo Maseko,South Africa,RSA,FWD,4.2,
Ronwen Williams,South Africa,RSA,GK,4.5,
Ricardo Goss,South Africa,RSA,GK,3.7,
Yéremy Pino,Spain,ESP,MID,5.9,
Álex Baena,Spain,ESP,MID,6,
Martín Zubimendi,Spain,ESP,MID,6.1,
Pedro Porro,Spain,ESP,DEF,5.5,
Aymeric Laporte,Spain,ESP,DEF,5.5,
Alejandro Grimaldo,Spain,ESP,DEF,4.9,
Marc Cucurella,Spain,ESP,DEF,5.1,
Pau Cubarsí,Spain,ESP,DEF,5,
Lamine Yamal,Spain,ESP,MID,10,
Ferran Torres,Spain,ESP,FWD,7.8,
Mikel Oyarzabal,Spain,ESP,FWD,8.1,
Borja Iglesias,Spain,ESP,FWD,6.8,
Víctor Muñoz,Spain,ESP,FWD,4,
David Raya,Spain,ESP,GK,5,
Unai Simón,Spain,ESP,GK,5,
Joan García,Spain,ESP,GK,4,
Marcos Llorente,Spain,ESP,DEF,5.5,
Rodri,Spain,ESP,MID,7.5,
Dani Olmo,Spain,ESP,MID,7.7,
Pedri,Spain,ESP,MID,8.1,
Besfort Zeneli,Sweden,SWE,MID,4.7,
Elliot Stroud,Sweden,SWE,MID,4.7,
Taha Ali,Sweden,SWE,MID,4.9,
Eric Smith,Sweden,SWE,MID,4.9,
Lucas Bergvall,Sweden,SWE,MID,5.1,
Yasin Ayari,Sweden,SWE,MID,5.3,
Jesper Karlström,Sweden,SWE,MID,5.6,
Mattias Svanberg,Sweden,SWE,MID,6.1,
Daniel Svensson,Sweden,SWE,DEF,4.5,
Gabriel Gudmundsson,Sweden,SWE,DEF,4.2,
Carl Starfelt,Sweden,SWE,DEF,4.1,
Victor Lindelöf,Sweden,SWE,DEF,4,
Gustaf Lagerbielke,Sweden,SWE,DEF,3.7,
Viktor Gyökeres,Sweden,SWE,FWD,7.8,
Anthony Elanga,Sweden,SWE,FWD,5.8,
Benjamin Nygren,Sweden,SWE,FWD,4.9,
Gustaf Nilsson,Sweden,SWE,FWD,4.9,
Kristoffer Nordfeldt,Sweden,SWE,GK,3.9,
Johan Manzambi,Switzerland,SUI,MID,5.6,
Granit Xhaka,Switzerland,SUI,MID,6.2,
Michel Aebischer,Switzerland,SUI,MID,5.9,
Remo Freuler,Switzerland,SUI,MID,5.9,
Ardon Jashari,Switzerland,SUI,MID,5.2,
Fabian Rieder,Switzerland,SUI,MID,6.2,
Manuel Akanji,Switzerland,SUI,DEF,5,
Ricardo Rodríguez,Switzerland,SUI,DEF,4.5,
Nico Elvedi,Switzerland,SUI,DEF,4.3,
Silvan Widmer,Switzerland,SUI,DEF,4.2,
Miro Muheim,Switzerland,SUI,DEF,4,
Eray Cömert,Switzerland,SUI,DEF,3.9,
Aurèle Amenda,Switzerland,SUI,DEF,3.7,
Luca Jaquez,Switzerland,SUI,DEF,3.5,
Breel Embolo,Switzerland,SUI,FWD,7.5,
Noah Okafor,Switzerland,SUI,FWD,5.9,
Dan Ndoye,Switzerland,SUI,FWD,6.8,
Gregor Kobel,Switzerland,SUI,GK,4.7,
Yvon Mvogo,Switzerland,SUI,GK,4.2,
Marvin Keller,Switzerland,SUI,GK,3.7,
Djibril Sow,Switzerland,SUI,MID,6.1,
Denis Zakaria,Switzerland,SUI,MID,6.1,
Rubén Vargas,Switzerland,SUI,MID,6.8,
Ellyes Skhiri,Tunisia,TUN,MID,4.7,
Rani Khedira,Tunisia,TUN,MID,4.7,
Hadj Mahmoud,Tunisia,TUN,MID,4.9,
Mortadha Ben Ouanes,Tunisia,TUN,MID,5,
Anis Ben Slimane,Tunisia,TUN,MID,5.3,
Moutaz Neffati,Tunisia,TUN,DEF,4.1,
Ali Abdi,Tunisia,TUN,DEF,4.1,
Omar Rekik,Tunisia,TUN,DEF,3.8,
Adem Arous,Tunisia,TUN,DEF,3.6,
Mohamed Amine Ben Hmida,Tunisia,TUN,DEF,3.6,
Raed Chikhaoui,Tunisia,TUN,DEF,3.5,
Ismaël Gharbi,Tunisia,TUN,FWD,4.6,
Elias Saad,Tunisia,TUN,FWD,4.5,
Firas Chaouat,Tunisia,TUN,FWD,4.4,
Sebastian Tounekti,Tunisia,TUN,FWD,4.4,
Hazem Mastouri,Tunisia,TUN,FWD,4.2,
Rayan Elloumi,Tunisia,TUN,FWD,4,
Khalil Ayari,Tunisia,TUN,FWD,4,
Abdelmouhib Chamakh,Tunisia,TUN,GK,4.1,
Aymen Dahmen,Tunisia,TUN,GK,3.9,
Sabri Ben Hessen,Tunisia,TUN,GK,3.5,
Ismail Yüksek,Türkiye,TUR,MID,4.6,
Salih Özcan,Türkiye,TUR,MID,4.7,
Atakan Karazor,Türkiye,TUR,MID,4.7,
Irfan Can Kahveci,Türkiye,TUR,MID,5.9,
Orkun Kökçü,Türkiye,TUR,MID,6,
Kaan Ayhan,Türkiye,TUR,DEF,4.5,
Zeki Çelik,Türkiye,TUR,DEF,4.3,
Ferdi Kadioglu,Türkiye,TUR,DEF,4.3,
Samet Akaydin,Türkiye,TUR,DEF,4.1,
Mert Müldür,Türkiye,TUR,DEF,4.1,
Ozan Kabak,Türkiye,TUR,DEF,4,
Eren Elmali,Türkiye,TUR,DEF,4,
Abdülkerim Bardakci,Türkiye,TUR,DEF,4,
Merih Demiral,Türkiye,TUR,DEF,4,
Mustafa Eskihellaç,Türkiye,TUR,DEF,3.9,
Ahmetcan Kaplan,Türkiye,TUR,DEF,3.5,
Kenan Yildiz,Türkiye,TUR,MID,7,
Kerem Aktürkoglu,Türkiye,TUR,FWD,6.2,
Baris Alper Yilmaz,Türkiye,TUR,FWD,6.1,
Oguz Aydin,Türkiye,TUR,FWD,5,
Yunus Akgün,Türkiye,TUR,FWD,4.9,
Deniz Gül,Türkiye,TUR,FWD,4.4,
Ugurcan Çakir,Türkiye,TUR,GK,4.2,
Altay Bayindir,Türkiye,TUR,GK,4,
Mert Günok,Türkiye,TUR,GK,4,
Muhammed Sengezer,Türkiye,TUR,GK,3.9,
Arda Güler,Türkiye,TUR,MID,7,
Hakan Çalhanoglu,Türkiye,TUR,MID,7.1,
Pablo Alcoba,Uruguay,URU,MID,4.3,
Juan Manuel Sanabria,Uruguay,URU,MID,4.5,
Emiliano Martínez,Uruguay,URU,MID,4.7,
Luciano González,Uruguay,URU,MID,4.7,
Nicolás Fonseca,Uruguay,URU,MID,5,
Facundo Pellistri,Uruguay,URU,MID,5.2,
Maxi Araújo,Uruguay,URU,MID,6.4,
Manuel Ugarte,Uruguay,URU,MID,5.9,
Nicolás de la Cruz,Uruguay,URU,MID,5.9,
Ronald Araujo,Uruguay,URU,DEF,5,
José María Giménez,Uruguay,URU,DEF,4.4,
Matías Viña,Uruguay,URU,DEF,4.3,
Mathías Olivera,Uruguay,URU,DEF,4.3,
Guillermo Varela,Uruguay,URU,DEF,4.2,
Sebastián Cáceres,Uruguay,URU,DEF,4.2,
Santiago Bueno,Uruguay,URU,DEF,4.1,
José Rodríguez,Uruguay,URU,DEF,3.9,
Brian Barboza,Uruguay,URU,DEF,3.7,
Benjamín García,Uruguay,URU,DEF,3.5,
Darwin Núñez,Uruguay,URU,FWD,7.5,
Federico Viñas,Uruguay,URU,FWD,5.9,
Brian Rodríguez,Uruguay,URU,FWD,6.2,
Rodrigo Aguirre,Uruguay,URU,FWD,5.6,
Facundo Torres,Uruguay,URU,FWD,5.4,
Agustín Canobbio,Uruguay,URU,FWD,5.3,
Facundo Martínez,Uruguay,URU,FWD,5.3,
Agustín Álvarez,Uruguay,URU,FWD,5.2,
Sergio Rochet,Uruguay,URU,GK,4.1,
Fernando Muslera,Uruguay,URU,GK,4.1,
Santiago Mele,Uruguay,URU,GK,3.5,
Giorgian de Arrascaeta,Uruguay,URU,MID,6.5,
Federico Valverde,Uruguay,URU,MID,7.5,
Cristian Roldan,USA,USA,MID,4.7,
Sebastian Berhalter,USA,USA,MID,4.7,
Brenden Aaronson,USA,USA,MID,5.7,
Malik Tillman,USA,USA,MID,6.1,
Weston McKennie,USA,USA,MID,6.1,
Giovanni Reyna,USA,USA,MID,5.5,
Antonee Robinson,USA,USA,DEF,5,
Chris Richards,USA,USA,DEF,4.1,
Joe Scally,USA,USA,DEF,4.1,
Tim Ream,USA,USA,DEF,3.9,
Mark McKenzie,USA,USA,DEF,3.9,
Auston Trusty,USA,USA,DEF,3.9,
Alexander Freeman,USA,USA,DEF,4,
Timothy Weah,USA,USA,MID,5.8,
Ricardo Pepi,USA,USA,FWD,5.9,
Folarin Balogun,USA,USA,FWD,6,
Max Arfsten,USA,USA,FWD,4.4,
Matt Turner,USA,USA,GK,4,
Matt Freese,USA,USA,GK,4.2,
Chris Brady,USA,USA,GK,3.5,
Christian Pulisic,USA,USA,MID,7,
Abdulla Abdullaev,Uzbekistan,UZB,MID,4.2,
Sherzod Esanov,Uzbekistan,UZB,MID,4.7,
Jasurbek Jaloliddinov,Uzbekistan,UZB,MID,4.7,
Ruslanbek Jiyanov,Uzbekistan,UZB,MID,4.7,
Akmal Mozgovoy,Uzbekistan,UZB,MID,4.7,
Otabek Shukurov,Uzbekistan,UZB,MID,5,
Umarali Rakhmonaliev,Uzbekistan,UZB,MID,5.1,
Dostonbek Khamdamov,Uzbekistan,UZB,MID,5.1,
Aziz G'aniev,Uzbekistan,UZB,MID,5.3,
Odiljon Hamrobekov,Uzbekistan,UZB,MID,5.3,
Oston Urunov,Uzbekistan,UZB,MID,5.6,
Jamshid Iskanderov,Uzbekistan,UZB,MID,5.7,
Jaloliddin Masharipov,Uzbekistan,UZB,MID,6.1,
Abbosbek Fayzullaev,Uzbekistan,UZB,MID,6.2,
Abdukodir Khusanov,Uzbekistan,UZB,DEF,4.3,
Rustam Ashurmatov,Uzbekistan,UZB,DEF,3.7,
Sherzod Nasrullaev,Uzbekistan,UZB,DEF,3.7,
Farrukh Sayfiev,Uzbekistan,UZB,DEF,3.6,
Khojiakbar Alijonov,Uzbekistan,UZB,DEF,3.6,
Umar Eshmurodov,Uzbekistan,UZB,DEF,3.5,
Avazbek O'lmasaliev,Uzbekistan,UZB,DEF,3.5,
Bekhruz Karimov,Uzbekistan,UZB,DEF,3.5,
Jakhongir Urozov,Uzbekistan,UZB,DEF,3.5,
Eldor Shomurodov,Uzbekistan,UZB,FWD,6.5,
Igor Sergeev,Uzbekistan,UZB,FWD,6.1,
Sherzod Temirov,Uzbekistan,UZB,FWD,5.1,
Azizbek Amanov,Uzbekistan,UZB,FWD,4.9,
Abduvokhid Ne'matov,Uzbekistan,UZB,GK,4,
Utkir Yusupov,Uzbekistan,UZB,GK,3.9,
Botirali Ergashev,Uzbekistan,UZB,GK,3.5,
Facundo Cambeses,Argentina,ARG,GK,4,
Walter Benítez,Argentina,ARG,GK,4.5,
Santiago Beltrán,Argentina,ARG,GK,4,
Lisandro Martínez,Argentina,ARG,DEF,4.6,
Germán Pezzella,Argentina,ARG,DEF,4.2,
Facundo Medina,Argentina,ARG,DEF,4,
Zaid Romero,Argentina,ARG,DEF,3.5,
Lautaro Di Lollo,Argentina,ARG,DEF,3.5,
Gonzalo Montiel,Argentina,ARG,DEF,4.3,
Kevin Mac Allister,Argentina,ARG,DEF,3.8,
Leonardo Balerdi,Argentina,ARG,DEF,4,
Giovani Lo Celso,Argentina,ARG,MID,6.2,
Emiliano Buendía,Argentina,ARG,MID,6.5,
Aníbal Moreno,Argentina,ARG,MID,5,
Equi Fernández,Argentina,ARG,MID,5,
Guido Rodríguez,Argentina,ARG,MID,5.6,
Alan Varela,Argentina,ARG,MID,5,
Tomás Aranda,Argentina,ARG,MID,4.3,
Nicolás Domínguez,Argentina,ARG,MID,5,
Claudio Echeverri,Argentina,ARG,MID,5.5,
Matías Soulé,Argentina,ARG,MID,6.2,
Nicolás Capaldo,Argentina,ARG,MID,5,
Milton Delgado,Argentina,ARG,MID,4.2,
Lautaro Martínez,Argentina,ARG,FWD,8.8,
Mateo Pellegrino,Argentina,ARG,FWD,5,
Santiago Castro,Argentina,ARG,FWD,6,
Dennis Hadzikadunic,Bosnia and Herzegovina,BIH,DEF,3.7,
Ermin Mahmic,Bosnia and Herzegovina,BIH,MID,4.2,
Weverton,Brazil,BRA,GK,4.5,
Alex Sandro,Brazil,BRA,DEF,4.5,
Wesley,Brazil,BRA,DEF,4.5,
Bruno Guimarães,Brazil,BRA,MID,6.8,
Raphinha,Brazil,BRA,MID,8.2,
Neymar,Brazil,BRA,MID,7.2,
Yerry Mina,Colombia,COL,DEF,4.2,
Willer Ditta,Colombia,COL,DEF,3.7,
Juan Portilla,Colombia,COL,MID,4.7,
Cucho Hernández,Colombia,COL,FWD,6.3,
Jindrich Stanek,Czechia,CZE,GK,4,
David Zima,Czechia,CZE,DEF,3.9,
Alexandr Sojka,Czechia,CZE,MID,4.5,
David Doudera,Czechia,CZE,MID,5.1,
Hugo Sochurek,Czechia,CZE,MID,4.3,
Christophe Kabongo,Czechia,CZE,FWD,4.5,
Jan Kuchta,Czechia,CZE,FWD,5.5,
Adam Hlozek,Czechia,CZE,FWD,6.5,
Robin Risser,France,FRA,GK,3.5,
William Saliba,France,FRA,DEF,5.3,
Jules Koundé,France,FRA,DEF,5.4,
Bradley Barcola,France,FRA,MID,8,
Jean-Philippe Mateta,France,FRA,FWD,6.5,
Paul Reverson,Ghana,GHA,GK,3.5,
Solomon Agbasi,Ghana,GHA,GK,3.5,
Augustine Boakye,Ghana,GHA,MID,4.9,
Ko Itakura,Japan,JPN,DEF,4.5,
Takehiro Tomiyasu,Japan,JPN,DEF,4.9,
Yuto Nagatomo,Japan,JPN,DEF,3.7,
Wataru Endo,Japan,JPN,MID,6,
Takefusa Kubo,Japan,JPN,MID,7,
Antonio Rodríguez,Mexico,MEX,GK,3.7,
Carlos Moreno,Mexico,MEX,GK,3.6,
Álex Padilla,Mexico,MEX,GK,3.5,
Julián Araujo,Mexico,MEX,DEF,4,
Alejandro Gómez,Mexico,MEX,DEF,3.5,
Ramón Juárez,Mexico,MEX,DEF,3.6,
Mateo Chávez,Mexico,MEX,DEF,3.5,
Bryan González,Mexico,MEX,DEF,3.5,
Víctor Guzmán,Mexico,MEX,DEF,3.6,
Marcel Ruiz,Mexico,MEX,MID,5.9,
Jordán Carrillo,Mexico,MEX,MID,5.1,
Diego Lainez,Mexico,MEX,MID,5.9,
César Huerta,Mexico,MEX,MID,6.3,
Edson Álvarez,Mexico,MEX,MID,6,
Jesús Angulo,Mexico,MEX,MID,5.3,
Gilberto Mora,Mexico,MEX,MID,4.5,
Luis Chávez,Mexico,MEX,MID,6.3,
Luis Romo,Mexico,MEX,MID,5.5,
Elías Montiel,Mexico,MEX,MID,4.5,
Kevin Castañeda,Mexico,MEX,MID,4.9,
Alexis Gutiérrez,Mexico,MEX,MID,4.9,
Jeremy Márquez,Mexico,MEX,MID,4.7,
Alexéi Domínguez,Mexico,MEX,FWD,4.5,
Efraín Álvarez,Mexico,MEX,MID,5.5,
Santiago Giménez,Mexico,MEX,FWD,6.8,
Jorge Ruvalcaba,Mexico,MEX,FWD,4.9,
Michael Boxall,New Zealand,NZL,DEF,3.7,
Liberato Cacace,New Zealand,NZL,DEF,4.1,
Nando Pijnaker,New Zealand,NZL,DEF,3.7,
Tommy Smith,New Zealand,NZL,DEF,3.6,
Matthew Garbett,New Zealand,NZL,FWD,5,
Chris Wood,New Zealand,NZL,FWD,6.5,
Sarpreet Singh,New Zealand,NZL,MID,5.3,
Juan Espínola,Paraguay,PAR,GK,3.5,
Carlos Coronel,Paraguay,PAR,GK,4.1,
Santiago Rojas,Paraguay,PAR,GK,3.5,
Blás Riveros,Paraguay,PAR,DEF,3.9,
Alcides Benítez,Paraguay,PAR,DEF,3.5,
Agustín Sández,Paraguay,PAR,DEF,3.7,
Alan Núñez,Paraguay,PAR,DEF,3.5,
Saúl Salcedo,Paraguay,PAR,DEF,3.7,
Diego León,Paraguay,PAR,DEF,3.5,
Tarek Salman,Qatar,QAT,DEF,3.7,
Rayyan Al Ali,Qatar,QAT,DEF,3.5,
Homam El Amin,Qatar,QAT,DEF,3.6,
Sultan Al Brake,Qatar,QAT,DEF,3.7,
Abdulaziz Hatem,Qatar,QAT,MID,5.3,
Jassem Gaber,Qatar,QAT,MID,5,
Ahmed Alaa,Qatar,QAT,FWD,5.5,
Mohammed Muntari,Qatar,QAT,FWD,5.3,
Sebastián Soria,Qatar,QAT,FWD,5.1,
Tahsin Jamshid,Qatar,QAT,FWD,4.5,
Viktor Johansson,Sweden,SWE,GK,3.9,
Jacob Widell Zetterström,Sweden,SWE,GK,3.7,
Hjalmar Ekdal,Sweden,SWE,DEF,3.7,
Emil Holm,Sweden,SWE,DEF,4.1,
Isak Hien,Sweden,SWE,DEF,4.1,
Ken Sema,Sweden,SWE,MID,6,
Alexander Isak,Sweden,SWE,FWD,8,
Alexander Bernhardsson,Sweden,SWE,FWD,4.9,
Thibaut Courtois,Belgium,BEL,GK,4.9,
Mike Penders,Belgium,BEL,GK,3.5,
Hans Vanaken,Belgium,BEL,MID,5.5,
Matias Fernandez-Pardo,Belgium,BEL,FWD,5.6,
Leandro Trossard,Belgium,BEL,MID,6.6,
Diego Moreira,Belgium,BEL,MID,4.7,
Stopira,Cabo Verde,CPV,DEF,3.5,
Logan Costa,Cabo Verde,CPV,DEF,3.5,
Jamiro Monteiro,Cabo Verde,CPV,MID,4.6,
Hélio Varela,Cabo Verde,CPV,MID,4.9,
Gilson Benchimol,Cabo Verde,CPV,MID,5,
Oumar Diakité,Côte d'Ivoire,CIV,FWD,5.3,
Ange-Yoan Bonny,Côte d'Ivoire,CIV,FWD,4.9,
Dominik Kotarski,Croatia,CRO,GK,4.4,
Josko Gvardiol,Croatia,CRO,DEF,5,
Mateo Kovacic,Croatia,CRO,MID,6,
Keeto Thermoncy,Haiti,HAI,DEF,3.5,
Dominique Simon,Haiti,HAI,MID,4.3,
Lenny Joseph,Haiti,HAI,FWD,4.2,
Nour Bani Ateyah,Jordan,JOR,GK,3.6,
Ahmad Al Juaidi,Jordan,JOR,GK,3.6,
Ehsan Haddad,Jordan,JOR,DEF,3.5,
Saed Al Rosan,Jordan,JOR,DEF,3.5,
Anas Badawi,Jordan,JOR,DEF,3.5,
Raja'ei Ayed,Jordan,JOR,MID,4.5,
Ali Olwan,Jordan,JOR,FWD,4.2,
Lee Gi-Hyuk,Korea Republic,KOR,DEF,4.5,
Hwang In-Beom,Korea Republic,KOR,MID,5.8,
Lee Dong-Gyeong,Korea Republic,KOR,MID,4.9,
Montassar Talbi,Tunisia,TUN,DEF,3.9,
Dylan Bronn,Tunisia,TUN,DEF,3.6,
Yan Valery,Tunisia,TUN,DEF,3.9,
Elias Achouri,Tunisia,TUN,MID,4.8,
Hannibal Mejbri,Tunisia,TUN,MID,4.8,
Gédéon Kalulu,Congo DR,COD,DEF,3.9,
Gaël Kakuta,Congo DR,COD,MID,4.6,
Armando Obispo,Curaçao,CUW,DEF,3.7,
Deveron Fonville,Curaçao,CUW,DEF,3.7,
Jürgen Locadia,Curaçao,CUW,FWD,4.1,
Roozbeh Cheshmi,IR Iran,IRN,MID,4.8,
Kasra Taheri,IR Iran,IRN,FWD,4.7,
Jalal Hassan,Iraq,IRQ,GK,3.9,
Mustafa Saadoon,Iraq,IRQ,DEF,3.6,
Ahmed Yahya,Iraq,IRQ,DEF,3.6,
Dario Naamo,Iraq,IRQ,DEF,3.5,
Jussef Nasrawe,Iraq,IRQ,MID,4.4,
Ahmed Qasem,Iraq,IRQ,MID,4.4,
Diogo Costa,Portugal,POR,GK,4.9,
Rúben Dias,Portugal,POR,DEF,5,
Nélson Semedo,Portugal,POR,DEF,4.3,
Bernardo Silva,Portugal,POR,MID,7.8,
Cristiano Ronaldo,Portugal,POR,FWD,10,
Rafael Leão,Portugal,POR,MID,7.8,
Fahad Younis,Qatar,QAT,GK,3.7,
Craig Gordon,Scotland,SCO,GK,3.5,
Aaron Hickey,Scotland,SCO,DEF,4.3,
Ben Gannon-Doak,Scotland,SCO,MID,4.9,
Ross Stewart,Scotland,SCO,FWD,5.4,
Lawrence Shankland,Scotland,SCO,FWD,5.5,
Christian Fassnacht,Switzerland,SUI,MID,6.1,
Zeki Amdouni,Switzerland,SUI,FWD,4.9,
Cedric Itten,Switzerland,SUI,FWD,5.4,
Ersin Destanoglu,Türkiye,TUR,GK,4,
Yusuf Akçiçek,Türkiye,TUR,DEF,4,
Çaglar Söyüncü,Türkiye,TUR,DEF,4.4,
Aral Simsir,Türkiye,TUR,MID,4.7,
Demir Ege Tiknaz,Türkiye,TUR,MID,4.4,
Can Uzun,Türkiye,TUR,MID,5.3,
Yusuf Sari,Türkiye,TUR,MID,5,
Aaron Tshibola,Congo DR,COD,MID,4.9,
Karim Hafez,Egypt,EGY,DEF,3.9,
Nabil Emad Dunga,Egypt,EGY,MID,4.3,
Mostafa Zico,Egypt,EGY,MID,4.2,
Aqtay Abdallah,Egypt,EGY,FWD,4.3,
Hamza Abdelkarim,Egypt,EGY,FWD,4.3,
Mohamed Salah,Egypt,EGY,MID,10,
Manuel Neuer,Germany,GER,GK,5,
Nadiem Amiri,Germany,GER,MID,6.3,
Jamal Musiala,Germany,GER,MID,8,
Felix Nmecha,Germany,GER,MID,5.6,
Aleksandar Pavlovic,Germany,GER,MID,5.5,
Jamie Leweling,Germany,GER,MID,6.4,
Maximilian Beier,Germany,GER,FWD,6.5,
Ronaldo Dejesús,Paraguay,PAR,DEF,3.8,
Mateo Gamarra,Paraguay,PAR,DEF,3.9,
Robert Piris Da Motta,Paraguay,PAR,MID,4.7,
Óscar Romero,Paraguay,PAR,MID,4.6,
Mathías Villasanti,Paraguay,PAR,MID,4.6,
Hugo Cuenca,Paraguay,PAR,MID,4.8,
Andrés Cubas,Paraguay,PAR,MID,4.7,
Álvaro Campuzano,Paraguay,PAR,MID,4.6,
Ángel Romero,Paraguay,PAR,MID,4.9,
Rodney Redes,Paraguay,PAR,MID,4.8,
Enso González,Paraguay,PAR,MID,5,
Diego González,Paraguay,PAR,MID,5,
Munir El Kajoui,Morocco,MAR,GK,4,
Youssef Belammari,Morocco,MAR,DEF,3.6,
Ayyoub Bouaddi,Morocco,MAR,MID,5.5,
Ayoube Amaimouni-Echghouyab,Morocco,MAR,FWD,4.3,
Sander Tangvik,Norway,NOR,GK,3.5,
Thelo Aasgaard,Norway,NOR,MID,5.5,
Fredrik Aursnes,Norway,NOR,MID,6.5,
Martin Ødegaard,Norway,NOR,MID,7.7,
Lorenzo Melgarejo,Paraguay,PAR,MID,5.5,
Rubén Lezcano,Paraguay,PAR,MID,5,
Carlos González,Paraguay,PAR,FWD,5.7,
Isidro Pitta,Paraguay,PAR,FWD,5.9,
Adrián Alcaraz,Paraguay,PAR,FWD,4.5,
Adam Bareiro,Paraguay,PAR,FWD,5.7,
Ronaldo Martínez,Paraguay,PAR,MID,5,
Robert Morales,Paraguay,PAR,FWD,5.3,
Ilay Camara,Senegal,SEN,DEF,3.8,
Moustapha Mbow,Senegal,SEN,DEF,3.7,
Bara Sapoko Ndiaye,Senegal,SEN,MID,4.5,
Sadio Mané,Senegal,SEN,MID,7.6,
Sipho Chaine,South Africa,RSA,GK,3.7,
Olwethu Makhanya,South Africa,RSA,DEF,3.5,
Bradley Cross,South Africa,RSA,DEF,3.6,
Kamogelo Sebelebele,South Africa,RSA,MID,4.5,
Iqraam Rayners,South Africa,RSA,MID,5.3,
Jarell Quansah,England,ENG,DEF,4.4,
Reece James,England,ENG,DEF,5.2,
Eberechi Eze,England,ENG,MID,8,
Ollie Watkins,England,ENG,FWD,7.9,
Ivan Toney,England,ENG,FWD,7.5,
Sondre Langås,Norway,NOR,DEF,4,
Cristhian Loor,Ecuador,ECU,GK,4,
Deinner Ordóñez,Ecuador,ECU,DEF,4.1,
Fricio Caicedo,Ecuador,ECU,DEF,4,
Ederson Castillo,Ecuador,ECU,MID,4.2,
Darwin Guagua,Ecuador,ECU,MID,4.8,
Malcom DaCosta,Ecuador,ECU,MID,3.8,
Bruno Caicedo,Ecuador,ECU,MID,5.2,
Luis Fragozo,Ecuador,ECU,MID,5,
Nilson Angulo,Ecuador,ECU,MID,6,
Abdulquddus Atiah,Saudi Arabia,KSA,GK,4,
Hassan Al Tambakti,Saudi Arabia,KSA,DEF,4.5,
Zakaria Hawsawi,Saudi Arabia,KSA,DEF,4,
Jehad Thikri,Saudi Arabia,KSA,DEF,4,
Moteb Al Harbi,Saudi Arabia,KSA,DEF,4.1,
Salem Al Dawsari,Saudi Arabia,KSA,MID,7.2,
Alaa Al Hejji,Saudi Arabia,KSA,MID,5,
Nasser Al Dawsari,Saudi Arabia,KSA,MID,5.2,
Mohammed Abu Al Shamat,Saudi Arabia,KSA,MID,5.5,
Saleh Abu Al Shamat,Saudi Arabia,KSA,FWD,5.3,
Abdullah Al Salem,Saudi Arabia,KSA,FWD,5,
Alphonso Davies,Canada,CAN,DEF,4.9,
Zorhan Bassong,Canada,CAN,DEF,3.7,
Alistair Johnston,Canada,CAN,DEF,4,
Moïse Bombito,Canada,CAN,DEF,4.1,
Jamie Knight-Lebel,Canada,CAN,DEF,3.7,
Alfie Jones,Canada,CAN,DEF,3.8,
Stephen Eustaquio,Canada,CAN,MID,5,
Jacob Shaffelburg,Canada,CAN,MID,5.2,
Jayden Nelson,Canada,CAN,MID,5,
Promise David,Canada,CAN,FWD,5.4,
Lawrence Ati Zigi,Ghana,GHA,GK,4,
Joseph Anang,Ghana,GHA,GK,3.6,
Abdul Baba,Ghana,GHA,DEF,3.9,
Alidu Seidu,Ghana,GHA,DEF,3.9,
Kojo Peprah Oppong,Ghana,GHA,DEF,3.5,
Jonas Adjetey,Ghana,GHA,DEF,3.5,
Abdul Mumin,Ghana,GHA,DEF,3.7,
Alexander Djiku,Ghana,GHA,DEF,4,
Marvin Senaya,Ghana,GHA,DEF,3.5,
Jerome Opoku,Ghana,GHA,DEF,3.8,
Gideon Mensah,Ghana,GHA,DEF,3.9,
Caleb Yirenkyi,Ghana,GHA,MID,4.7,
Thomas Partey,Ghana,GHA,MID,6.2,
Elisha Owusu,Ghana,GHA,MID,5.3,
Kwasi Sibo,Ghana,GHA,MID,4.7,
Jordan Ayew,Ghana,GHA,FWD,5.3,
Iñaki Williams,Ghana,GHA,FWD,5.9,
Ernest Nuamah,Ghana,GHA,MID,5,
Prince Adu,Ghana,GHA,FWD,4,
Abdul Fatawu,Ghana,GHA,FWD,6.4,
Christopher Bonsu Baah,Ghana,GHA,FWD,4.5,
Antoine Semenyo,Ghana,GHA,FWD,7.2,
Brandon Thomas-Asante,Ghana,GHA,FWD,5.1,
Kamaldeen Sulemana,Ghana,GHA,FWD,5.1,
Eric García,Spain,ESP,DEF,4.5,
Marc Pubill,Spain,ESP,DEF,4.2,
Mikel Merino,Spain,ESP,MID,6.2,
Fabián Ruiz,Spain,ESP,MID,6.8,
Gavi,Spain,ESP,MID,6.5,
Nico Williams,Spain,ESP,MID,7.8,
Joe Gauci,Australia,AUS,GK,3.9,
Harry Souttar,Australia,AUS,DEF,4.1,
Cameron Devlin,Australia,AUS,MID,4.7,
Jackson Irvine,Australia,AUS,MID,5.6,
Mathew Leckie,Australia,AUS,MID,4.7,
Mohamed Touré,Australia,AUS,FWD,5,
